DEMAND_ID,ROUTE_NBR,ORIGIN_ID,DEST1,LEG1,LEG1_TYPE,LEG1_DIST,DEST2,LEG2,LEG2_TYPE,LEG2_DIST,DEST3,LEG3,LEG3_TYPE,LEG3_DIST,FINAL_DEST,HANDLING_PER_LB,WGT,DIST,LEGS,DR_DIST,SALES,COGS,FIXED,LT_UPPER_BD,TRANS_MODE,W_HAT,DR_MODE,DR_COST,DR_FREQ
160,1,88,31334,14921,VND->LMD,307.6,0,0,0,0.0,0,0,0,0.0,31334,0.0,1034.0,307.6,1,307.6,3133.33,1657.85,1.5,5.0,LTL,3.5,1.0,425.61,1.0
160,2,88,1004,15068,VND->FC,139.3,31334,638,FC->LMD,233.3,0,0,0,0.0,31334,0.02,1034.0,372.6,2,307.6,3133.33,1657.85,2.0,5.0,LTL,3.0,0.0,0.0,0.0
160,3,88,1004,15068,VND->FC,139.3,31334,638,FC->LMD,233.3,0,0,0,0.0,31334,0.02,1034.0,372.6,2,307.6,3133.33,1657.85,0.7,5.0,TL,4.3,0.0,0.0,0.0
155,4,88,31337,14924,VND->LMD,672.5,0,0,0,0.0,0,0,0,0.0,31337,0.0,3015.0,672.5,1,672.5,8867.65,4618.57,2.5,8.0,LTL,5.5,3.0,1209.06,1.0
155,5,88,1004,15068,VND->FC,139.3,31337,641,FC->LMD,665.8,0,0,0,0.0,31337,0.02,3015.0,805.0999999999999,2,672.5,8867.65,4618.57,3.0,8.0,LTL,5.0,0.0,0.0,0.0
155,6,88,1003,15067,VND->FC,591.9,31337,483,FC->LMD,148.8,0,0,0,0.0,31337,0.02,3015.0,740.7,2,672.5,8867.65,4618.57,2.1,8.0,LTL,5.9,0.0,0.0,0.0
155,7,88,1004,15068,VND->FC,139.3,31337,641,FC->LMD,665.8,0,0,0,0.0,31337,0.02,3015.0,805.0999999999999,2,672.5,8867.65,4618.57,1.5,8.0,TL,6.5,0.0,0.0,0.0
155,8,88,1003,15067,VND->FC,591.9,31337,483,FC->LMD,148.8,0,0,0,0.0,31337,0.02,3015.0,740.7,2,672.5,8867.65,4618.57,1.3,8.0,TL,6.7,0.0,0.0,0.0
155,9,88,1004,15068,VND->FC,139.3,1003,627,FC->FC,559.5,31337,483,FC->LMD,148.8,31337,0.04,3015.0,847.5999999999999,3,672.5,8867.65,4618.57,2.5,8.0,LTL,5.5,0.0,0.0,0.0
155,10,88,1004,15068,VND->FC,139.3,1003,627,FC->FC,559.5,31337,483,FC->LMD,148.8,31337,0.04,3015.0,847.5999999999999,3,672.5,8867.65,4618.57,1.5,8.0,TL,6.5,0.0,0.0,0.0
162,11,88,31349,14936,VND->LMD,579.9,0,0,0,0.0,0,0,0,0.0,31349,0.0,4123.0,579.9,1,579.9,10850.0,6575.76,1.5,7.0,LTL,5.5,0.0,1486.42,1.0
162,12,88,1004,15068,VND->FC,139.3,31349,653,FC->LMD,549.5,0,0,0,0.0,31349,0.02,4123.0,688.8,2,579.9,10850.0,6575.76,2.0,7.0,LTL,5.0,0.0,0.0,0.0
162,13,88,1003,15067,VND->FC,591.9,31349,495,FC->LMD,13.9,0,0,0,0.0,31349,0.02,4123.0,605.8,2,579.9,10850.0,6575.76,2.1,7.0,LTL,4.9,0.0,0.0,0.0
162,14,88,1004,15068,VND->FC,139.3,31349,653,FC->LMD,549.5,0,0,0,0.0,31349,0.02,4123.0,688.8,2,579.9,10850.0,6575.76,1.3,7.0,TL,5.7,0.0,0.0,0.0
162,15,88,1003,15067,VND->FC,591.9,31349,495,FC->LMD,13.9,0,0,0,0.0,31349,0.02,4123.0,605.8,2,579.9,10850.0,6575.76,1.1,7.0,TL,5.9,0.0,0.0,0.0
162,16,88,1004,15068,VND->FC,139.3,1003,627,FC->FC,559.5,31349,495,FC->LMD,13.9,31349,0.04,4123.0,712.6999999999999,3,579.9,10850.0,6575.76,2.5,7.0,LTL,4.5,0.0,0.0,0.0
162,17,88,1004,15068,VND->FC,139.3,1003,627,FC->FC,559.5,31349,495,FC->LMD,13.9,31349,0.04,4123.0,712.6999999999999,3,579.9,10850.0,6575.76,1.3,7.0,TL,5.7,0.0,0.0,0.0
156,18,88,31365,14952,VND->LMD,757.2,0,0,0,0.0,0,0,0,0.0,31365,0.0,514.0,757.2,1,757.2,1713.33,1098.29,2.5,7.0,LTL,4.5,1.0,360.52,1.0
156,19,88,1004,15068,VND->FC,139.3,31365,669,FC->LMD,677.5,0,0,0,0.0,31365,0.02,514.0,816.8,2,757.2,1713.33,1098.29,3.0,7.0,LTL,4.0,0.0,0.0,0.0
156,20,88,1003,15067,VND->FC,591.9,31365,511,FC->LMD,277.3,0,0,0,0.0,31365,0.02,514.0,869.2,2,757.2,1713.33,1098.29,2.6,7.0,LTL,4.4,0.0,0.0,0.0
156,21,88,1004,15068,VND->FC,139.3,31365,669,FC->LMD,677.5,0,0,0,0.0,31365,0.02,514.0,816.8,2,757.2,1713.33,1098.29,1.5,7.0,TL,5.5,0.0,0.0,0.0
156,22,88,1003,15067,VND->FC,591.9,31365,511,FC->LMD,277.3,0,0,0,0.0,31365,0.02,514.0,869.2,2,757.2,1713.33,1098.29,1.6,7.0,TL,5.4,0.0,0.0,0.0
156,23,88,1004,15068,VND->FC,139.3,1003,627,FC->FC,559.5,31365,511,FC->LMD,277.3,31365,0.04,514.0,976.1,3,757.2,1713.33,1098.29,3.0,7.0,LTL,4.0,0.0,0.0,0.0
156,24,88,1004,15068,VND->FC,139.3,1003,627,FC->FC,559.5,31365,511,FC->LMD,277.3,31365,0.04,514.0,976.1,3,757.2,1713.33,1098.29,1.8,7.0,TL,5.2,0.0,0.0,0.0
163,25,88,31392,14979,VND->LMD,198.0,0,0,0,0.0,0,0,0,0.0,31392,0.0,1896.0,198.0,1,198.0,6116.13,4497.15,1.0,6.0,LTL,5.0,1.0,643.42,1.0
163,26,88,1004,15068,VND->FC,139.3,31392,696,FC->LMD,59.9,0,0,0,0.0,31392,0.02,1896.0,199.2,2,198.0,6116.13,4497.15,1.5,6.0,LTL,4.5,0.0,0.0,0.0
163,27,88,1004,15068,VND->FC,139.3,31392,696,FC->LMD,59.9,0,0,0,0.0,31392,0.02,1896.0,199.2,2,198.0,6116.13,4497.15,0.4,6.0,TL,5.6,0.0,0.0,0.0
157,28,88,31399,14986,VND->LMD,236.4,0,0,0,0.0,0,0,0,0.0,31399,0.0,721.0,236.4,1,236.4,626.96,471.4,1.5,5.0,LTL,3.5,1.0,289.15,1.0
157,29,88,1004,15068,VND->FC,139.3,31399,703,FC->LMD,269.9,0,0,0,0.0,31399,0.02,721.0,409.2,2,236.4,626.96,471.4,2.0,5.0,LTL,3.0,0.0,0.0,0.0
157,30,88,1004,15068,VND->FC,139.3,31399,703,FC->LMD,269.9,0,0,0,0.0,31399,0.02,721.0,409.2,2,236.4,626.96,471.4,0.7,5.0,TL,4.3,0.0,0.0,0.0
158,31,88,31430,15017,VND->LMD,276.8,0,0,0,0.0,0,0,0,0.0,31430,0.0,1118.0,276.8,1,276.8,3493.75,1467.96,1.5,5.0,LTL,3.5,1.0,439.92,1.0
158,32,88,1004,15068,VND->FC,139.3,31430,734,FC->LMD,204.0,0,0,0,0.0,31430,0.02,1118.0,343.3,2,276.8,3493.75,1467.96,1.5,5.0,LTL,3.5,0.0,0.0,0.0
158,33,88,1004,15068,VND->FC,139.3,31430,734,FC->LMD,204.0,0,0,0,0.0,31430,0.02,1118.0,343.3,2,276.8,3493.75,1467.96,0.6,5.0,TL,4.4,0.0,0.0,0.0
164,34,88,31436,15023,VND->LMD,210.8,0,0,0,0.0,0,0,0,0.0,31436,0.0,2831.0,210.8,1,210.8,3291.86,2612.59,1.0,5.0,LTL,4.0,3.0,720.29,1.0
164,35,88,1004,15068,VND->FC,139.3,31436,740,FC->LMD,339.7,0,0,0,0.0,31436,0.02,2831.0,479.0,2,210.8,3291.86,2612.59,2.0,5.0,LTL,3.0,0.0,0.0,0.0
164,36,88,1004,15068,VND->FC,139.3,31436,740,FC->LMD,339.7,0,0,0,0.0,31436,0.02,2831.0,479.0,2,210.8,3291.86,2612.59,0.9,5.0,TL,4.1,0.0,0.0,0.0
165,37,88,31446,15033,VND->LMD,433.3,0,0,0,0.0,0,0,0,0.0,31446,0.0,1309.0,433.3,1,433.3,2111.29,1416.97,1.5,5.0,LTL,3.5,1.0,596.91,1.0
165,38,88,1004,15068,VND->FC,139.3,31446,750,FC->LMD,393.1,0,0,0,0.0,31446,0.02,1309.0,532.4000000000001,2,433.3,2111.29,1416.97,2.0,5.0,LTL,3.0,0.0,0.0,0.0
165,39,88,1004,15068,VND->FC,139.3,31446,750,FC->LMD,393.1,0,0,0,0.0,31446,0.02,1309.0,532.4000000000001,2,433.3,2111.29,1416.97,1.0,5.0,TL,4.0,0.0,0.0,0.0
149,40,94,31334,15863,VND->LMD,341.7,0,0,0,0.0,0,0,0,0.0,31334,0.0,1966.0,341.7,1,341.7,5041.03,3073.8,1.5,5.0,LTL,3.5,1.0,786.61,1.0
149,41,94,1004,16010,VND->FC,144.8,31334,638,FC->LMD,233.3,0,0,0,0.0,31334,0.02,1966.0,378.1,2,341.7,5041.03,3073.8,2.0,5.0,LTL,3.0,0.0,0.0,0.0
149,42,94,1004,16010,VND->FC,144.8,31334,638,FC->LMD,233.3,0,0,0,0.0,31334,0.02,1966.0,378.1,2,341.7,5041.03,3073.8,0.7,5.0,TL,4.3,0.0,0.0,0.0
150,43,94,31346,15875,VND->LMD,12.3,0,0,0,0.0,0,0,0,0.0,31346,0.0,2386.0,12.3,1,12.3,4260.71,2840.47,1.0,4.0,LTL,3.0,2.0,516.82,1.0
150,44,94,1004,16010,VND->FC,144.8,31346,650,FC->LMD,135.9,0,0,0,0.0,31346,0.02,2386.0,280.70000000000005,2,12.3,4260.71,2840.47,1.5,4.0,LTL,2.5,0.0,0.0,0.0
150,45,94,1004,16010,VND->FC,144.8,31346,650,FC->LMD,135.9,0,0,0,0.0,31346,0.02,2386.0,280.70000000000005,2,12.3,4260.71,2840.47,0.5,4.0,TL,3.5,0.0,0.0,0.0
151,46,94,31349,15878,VND->LMD,534.6,0,0,0,0.0,0,0,0,0.0,31349,0.0,7311.0,534.6,1,534.6,23583.87,8575.95,1.5,8.0,LTL,6.5,0.0,1428.88,1.0
151,47,94,1004,16010,VND->FC,144.8,31349,653,FC->LMD,549.5,0,0,0,0.0,31349,0.02,7311.0,694.3,2,534.6,23583.87,8575.95,2.0,8.0,LTL,6.0,0.0,0.0,0.0
151,48,94,1003,16009,VND->FC,546.8,31349,495,FC->LMD,13.9,0,0,0,0.0,31349,0.02,7311.0,560.6999999999999,2,534.6,23583.87,8575.95,2.0,8.0,LTL,6.0,0.0,0.0,0.0
151,49,94,1004,16010,VND->FC,144.8,31349,653,FC->LMD,549.5,0,0,0,0.0,31349,0.02,7311.0,694.3,2,534.6,23583.87,8575.95,1.3,8.0,TL,6.7,0.0,0.0,0.0
151,50,94,1003,16009,VND->FC,546.8,31349,495,FC->LMD,13.9,0,0,0,0.0,31349,0.02,7311.0,560.6999999999999,2,534.6,23583.87,8575.95,1.0,8.0,TL,7.0,0.0,0.0,0.0
151,51,94,1004,16010,VND->FC,144.8,1003,627,FC->FC,559.5,31349,495,FC->LMD,13.9,31349,0.04,7311.0,718.1999999999999,3,534.6,23583.87,8575.95,2.5,8.0,LTL,5.5,0.0,0.0,0.0
151,52,94,1004,16010,VND->FC,144.8,1003,627,FC->FC,559.5,31349,495,FC->LMD,13.9,31349,0.04,7311.0,718.1999999999999,3,534.6,23583.87,8575.95,1.3,8.0,TL,6.7,0.0,0.0,0.0
146,53,94,31399,15928,VND->LMD,283.7,0,0,0,0.0,0,0,0,0.0,31399,0.0,678.0,283.7,1,283.7,4520.0,2756.1,1.5,6.0,LTL,4.5,1.0,290.75,1.0
146,54,94,1004,16010,VND->FC,144.8,31399,703,FC->LMD,269.9,0,0,0,0.0,31399,0.02,678.0,414.7,2,283.7,4520.0,2756.1,2.0,6.0,LTL,4.0,0.0,0.0,0.0
146,55,94,1004,16010,VND->FC,144.8,31399,703,FC->LMD,269.9,0,0,0,0.0,31399,0.02,678.0,414.7,2,283.7,4520.0,2756.1,0.8,6.0,TL,5.2,0.0,0.0,0.0
147,56,94,31430,15959,VND->LMD,243.5,0,0,0,0.0,0,0,0,0.0,31430,0.0,1121.0,243.5,1,243.5,1932.76,1297.15,1.5,5.0,LTL,3.5,1.0,424.04,1.0
147,57,94,1004,16010,VND->FC,144.8,31430,734,FC->LMD,204.0,0,0,0,0.0,31430,0.02,1121.0,348.8,2,243.5,1932.76,1297.15,1.5,5.0,LTL,3.5,0.0,0.0,0.0
147,58,94,1004,16010,VND->FC,144.8,31430,734,FC->LMD,204.0,0,0,0,0.0,31430,0.02,1121.0,348.8,2,243.5,1932.76,1297.15,0.6,5.0,TL,4.4,0.0,0.0,0.0
153,59,94,31436,15965,VND->LMD,195.0,0,0,0,0.0,0,0,0,0.0,31436,0.0,3764.0,195.0,1,195.0,11070.59,5648.26,1.0,5.0,LTL,4.0,3.0,938.78,1.0
153,60,94,1004,16010,VND->FC,144.8,31436,740,FC->LMD,339.7,0,0,0,0.0,31436,0.02,3764.0,484.5,2,195.0,11070.59,5648.26,2.0,5.0,LTL,3.0,0.0,0.0,0.0
153,61,94,1004,16010,VND->FC,144.8,31436,740,FC->LMD,339.7,0,0,0,0.0,31436,0.02,3764.0,484.5,2,195.0,11070.59,5648.26,0.9,5.0,TL,4.1,0.0,0.0,0.0
154,62,94,31446,15975,VND->LMD,475.4,0,0,0,0.0,0,0,0,0.0,31446,0.0,3132.0,475.4,1,475.4,2302.94,1071.13,1.5,6.0,LTL,4.5,3.0,1060.0,1.0
154,63,94,1004,16010,VND->FC,144.8,31446,750,FC->LMD,393.1,0,0,0,0.0,31446,0.02,3132.0,537.9000000000001,2,475.4,2302.94,1071.13,2.0,6.0,LTL,4.0,0.0,0.0,0.0
154,64,94,1004,16010,VND->FC,144.8,31446,750,FC->LMD,393.1,0,0,0,0.0,31446,0.02,3132.0,537.9000000000001,2,475.4,2302.94,1071.13,1.0,6.0,TL,5.0,0.0,0.0,0.0
148,65,94,31449,15978,VND->LMD,395.8,0,0,0,0.0,0,0,0,0.0,31449,0.0,2452.0,395.8,1,395.8,3892.06,2198.9,1.5,5.0,LTL,3.5,2.0,845.58,1.0
148,66,94,1004,16010,VND->FC,144.8,31449,753,FC->LMD,322.8,0,0,0,0.0,31449,0.02,2452.0,467.6,2,395.8,3892.06,2198.9,2.0,5.0,LTL,3.0,0.0,0.0,0.0
148,67,94,1004,16010,VND->FC,144.8,31449,753,FC->LMD,322.8,0,0,0,0.0,31449,0.02,2452.0,467.6,2,395.8,3892.06,2198.9,0.9,5.0,TL,4.1,0.0,0.0,0.0
133,68,184,31337,29996,VND->LMD,114.3,0,0,0,0.0,0,0,0,0.0,31337,0.0,1492.0,114.3,1,114.3,1381.48,979.77,1.0,5.0,LTL,4.0,1.0,462.14,1.0
133,69,184,1003,30139,VND->FC,255.9,31337,483,FC->LMD,148.8,0,0,0,0.0,31337,0.02,1492.0,404.7000000000001,2,114.3,1381.48,979.77,1.5,5.0,LTL,3.5,0.0,0.0,0.0
133,70,184,1003,30139,VND->FC,255.9,31337,483,FC->LMD,148.8,0,0,0,0.0,31337,0.02,1492.0,404.7000000000001,2,114.3,1381.48,979.77,0.7,5.0,TL,4.3,0.0,0.0,0.0
139,71,184,31346,30005,VND->LMD,651.3,0,0,0,0.0,0,0,0,0.0,31346,0.0,4438.0,651.3,1,651.3,10086.36,4849.21,1.5,7.0,LTL,5.5,0.0,1577.19,1.0
139,72,184,1003,30139,VND->FC,255.9,31346,492,FC->LMD,538.2,0,0,0,0.0,31346,0.02,4438.0,794.1,2,651.3,10086.36,4849.21,2.0,7.0,LTL,5.0,0.0,0.0,0.0
139,73,184,1004,30140,VND->FC,718.2,31346,650,FC->LMD,135.9,0,0,0,0.0,31346,0.02,4438.0,854.1,2,651.3,10086.36,4849.21,2.3,7.0,LTL,4.7,0.0,0.0,0.0
139,74,184,1003,30139,VND->FC,255.9,31346,492,FC->LMD,538.2,0,0,0,0.0,31346,0.02,4438.0,794.1,2,651.3,10086.36,4849.21,1.4,7.0,TL,5.6,0.0,0.0,0.0
139,75,184,1004,30140,VND->FC,718.2,31346,650,FC->LMD,135.9,0,0,0,0.0,31346,0.02,4438.0,854.1,2,651.3,10086.36,4849.21,1.6,7.0,TL,5.4,0.0,0.0,0.0
139,76,184,1003,30139,VND->FC,255.9,1004,470,FC->FC,559.5,31346,650,FC->LMD,135.9,31346,0.04,4438.0,951.3,3,651.3,10086.36,4849.21,2.5,7.0,LTL,4.5,0.0,0.0,0.0
139,77,184,1003,30139,VND->FC,255.9,1004,470,FC->FC,559.5,31346,650,FC->LMD,135.9,31346,0.04,4438.0,951.3,3,651.3,10086.36,4849.21,1.7,7.0,TL,5.3,0.0,0.0,0.0
134,78,184,31365,30024,VND->LMD,498.3,0,0,0,0.0,0,0,0,0.0,31365,0.0,529.0,498.3,1,498.3,998.11,643.94,1.5,6.0,LTL,4.5,1.0,297.73,1.0
134,79,184,1003,30139,VND->FC,255.9,31365,511,FC->LMD,277.3,0,0,0,0.0,31365,0.02,529.0,533.2,2,498.3,998.11,643.94,2.0,6.0,LTL,4.0,0.0,0.0,0.0
134,80,184,1003,30139,VND->FC,255.9,31365,511,FC->LMD,277.3,0,0,0,0.0,31365,0.02,529.0,533.2,2,498.3,998.11,643.94,1.0,6.0,TL,5.0,0.0,0.0,0.0
141,81,184,31392,30051,VND->LMD,746.2,0,0,0,0.0,0,0,0,0.0,31392,0.0,4316.0,746.2,1,746.2,9382.61,6750.08,2.5,8.0,LTL,5.5,0.0,1697.64,1.0
141,82,184,1003,30139,VND->FC,255.9,31392,538,FC->LMD,570.4,0,0,0,0.0,31392,0.02,4316.0,826.3,2,746.2,9382.61,6750.08,2.0,8.0,LTL,6.0,0.0,0.0,0.0
141,83,184,1004,30140,VND->FC,718.2,31392,696,FC->LMD,59.9,0,0,0,0.0,31392,0.02,4316.0,778.1,2,746.2,9382.61,6750.08,2.3,8.0,LTL,5.7,0.0,0.0,0.0
141,84,184,1003,30139,VND->FC,255.9,31392,538,FC->LMD,570.4,0,0,0,0.0,31392,0.02,4316.0,826.3,2,746.2,9382.61,6750.08,1.5,8.0,TL,6.5,0.0,0.0,0.0
141,85,184,1004,30140,VND->FC,718.2,31392,696,FC->LMD,59.9,0,0,0,0.0,31392,0.02,4316.0,778.1,2,746.2,9382.61,6750.08,1.4,8.0,TL,6.6,0.0,0.0,0.0
141,86,184,1003,30139,VND->FC,255.9,1004,470,FC->FC,559.5,31392,696,FC->LMD,59.9,31392,0.04,4316.0,875.3,3,746.2,9382.61,6750.08,2.5,8.0,LTL,5.5,0.0,0.0,0.0
141,87,184,1003,30139,VND->FC,255.9,1004,470,FC->FC,559.5,31392,696,FC->LMD,59.9,31392,0.04,4316.0,875.3,3,746.2,9382.61,6750.08,1.6,8.0,TL,6.4,0.0,0.0,0.0
135,88,184,31399,30058,VND->LMD,939.6,0,0,0,0.0,0,0,0,0.0,31399,0.0,3493.0,939.6,1,939.6,8732.5,4158.33,2.5,8.0,LTL,5.5,3.0,1696.99,1.0
135,89,184,1003,30139,VND->FC,255.9,31399,545,FC->LMD,815.7,0,0,0,0.0,31399,0.02,3493.0,1071.6,2,939.6,8732.5,4158.33,3.0,8.0,LTL,5.0,0.0,0.0,0.0
135,90,184,1004,30140,VND->FC,718.2,31399,703,FC->LMD,269.9,0,0,0,0.0,31399,0.02,3493.0,988.1,2,939.6,8732.5,4158.33,2.8,8.0,LTL,5.2,0.0,0.0,0.0
135,91,184,1003,30139,VND->FC,255.9,31399,545,FC->LMD,815.7,0,0,0,0.0,31399,0.02,3493.0,1071.6,2,939.6,8732.5,4158.33,1.9,8.0,TL,6.1,0.0,0.0,0.0
135,92,184,1004,30140,VND->FC,718.2,31399,703,FC->LMD,269.9,0,0,0,0.0,31399,0.02,3493.0,988.1,2,939.6,8732.5,4158.33,1.8,8.0,TL,6.2,0.0,0.0,0.0
135,93,184,1003,30139,VND->FC,255.9,1004,470,FC->FC,559.5,31399,703,FC->LMD,269.9,31399,0.04,3493.0,1085.3,3,939.6,8732.5,4158.33,3.0,8.0,LTL,5.0,0.0,0.0,0.0
135,94,184,1003,30139,VND->FC,255.9,1004,470,FC->FC,559.5,31399,703,FC->LMD,269.9,31399,0.04,3493.0,1085.3,3,939.6,8732.5,4158.33,2.0,8.0,TL,6.0,0.0,0.0,0.0
136,95,184,31430,30089,VND->LMD,545.5,0,0,0,0.0,0,0,0,0.0,31430,0.0,1059.0,545.5,1,545.5,1512.86,905.9,1.5,7.0,LTL,5.5,1.0,549.62,1.0
136,96,184,1003,30139,VND->FC,255.9,31430,576,FC->LMD,359.7,0,0,0,0.0,31430,0.02,1059.0,615.6,2,545.5,1512.86,905.9,2.0,7.0,LTL,5.0,0.0,0.0,0.0
136,97,184,1004,30140,VND->FC,718.2,31430,734,FC->LMD,204.0,0,0,0,0.0,31430,0.02,1059.0,922.2,2,545.5,1512.86,905.9,2.3,7.0,LTL,4.7,0.0,0.0,0.0
136,98,184,1003,30139,VND->FC,255.9,31430,576,FC->LMD,359.7,0,0,0,0.0,31430,0.02,1059.0,615.6,2,545.5,1512.86,905.9,1.1,7.0,TL,5.9,0.0,0.0,0.0
136,99,184,1004,30140,VND->FC,718.2,31430,734,FC->LMD,204.0,0,0,0,0.0,31430,0.02,1059.0,922.2,2,545.5,1512.86,905.9,1.7,7.0,TL,5.3,0.0,0.0,0.0
136,100,184,1003,30139,VND->FC,255.9,1004,470,FC->FC,559.5,31430,734,FC->LMD,204.0,31430,0.04,1059.0,1019.4,3,545.5,1512.86,905.9,2.5,7.0,LTL,4.5,0.0,0.0,0.0
136,101,184,1003,30139,VND->FC,255.9,1004,470,FC->FC,559.5,31430,734,FC->LMD,204.0,31430,0.04,1059.0,1019.4,3,545.5,1512.86,905.9,1.9,7.0,TL,5.1,0.0,0.0,0.0
142,102,184,31436,30095,VND->LMD,627.5,0,0,0,0.0,0,0,0,0.0,31436,0.0,1937.0,627.5,1,627.5,8804.55,6932.72,1.5,8.0,LTL,6.5,1.0,1013.74,1.0
142,103,184,1003,30139,VND->FC,255.9,31436,582,FC->LMD,597.7,0,0,0,0.0,31436,0.02,1937.0,853.6,2,627.5,8804.55,6932.72,2.0,8.0,LTL,6.0,0.0,0.0,0.0
142,104,184,1004,30140,VND->FC,718.2,31436,740,FC->LMD,339.7,0,0,0,0.0,31436,0.02,1937.0,1057.9,2,627.5,8804.55,6932.72,2.8,8.0,LTL,5.2,0.0,0.0,0.0
142,105,184,1003,30139,VND->FC,255.9,31436,582,FC->LMD,597.7,0,0,0,0.0,31436,0.02,1937.0,853.6,2,627.5,8804.55,6932.72,1.6,8.0,TL,6.4,0.0,0.0,0.0
142,106,184,1004,30140,VND->FC,718.2,31436,740,FC->LMD,339.7,0,0,0,0.0,31436,0.02,1937.0,1057.9,2,627.5,8804.55,6932.72,1.9,8.0,TL,6.1,0.0,0.0,0.0
142,107,184,1003,30139,VND->FC,255.9,1004,470,FC->FC,559.5,31436,740,FC->LMD,339.7,31436,0.04,1937.0,1155.1,3,627.5,8804.55,6932.72,3.0,8.0,LTL,5.0,0.0,0.0,0.0
142,108,184,1003,30139,VND->FC,255.9,1004,470,FC->FC,559.5,31436,740,FC->LMD,339.7,31436,0.04,1937.0,1155.1,3,627.5,8804.55,6932.72,2.1,8.0,TL,5.9,0.0,0.0,0.0
137,109,184,31449,30108,VND->LMD,569.5,0,0,0,0.0,0,0,0,0.0,31449,0.0,530.0,569.5,1,569.5,791.04,289.76,1.5,7.0,LTL,5.5,1.0,317.66,1.0
137,110,184,1003,30139,VND->FC,255.9,31449,595,FC->LMD,333.7,0,0,0,0.0,31449,0.02,530.0,589.6,2,569.5,791.04,289.76,2.0,7.0,LTL,5.0,0.0,0.0,0.0
137,111,184,1004,30140,VND->FC,718.2,31449,753,FC->LMD,322.8,0,0,0,0.0,31449,0.02,530.0,1041.0,2,569.5,791.04,289.76,2.8,7.0,LTL,4.2,0.0,0.0,0.0
137,112,184,1003,30139,VND->FC,255.9,31449,595,FC->LMD,333.7,0,0,0,0.0,31449,0.02,530.0,589.6,2,569.5,791.04,289.76,1.1,7.0,TL,5.9,0.0,0.0,0.0
137,113,184,1004,30140,VND->FC,718.2,31449,753,FC->LMD,322.8,0,0,0,0.0,31449,0.02,530.0,1041.0,2,569.5,791.04,289.76,1.9,7.0,TL,5.1,0.0,0.0,0.0
137,114,184,1003,30139,VND->FC,255.9,1004,470,FC->FC,559.5,31449,753,FC->LMD,322.8,31449,0.04,530.0,1138.2,3,569.5,791.04,289.76,3.0,7.0,LTL,4.0,0.0,0.0,0.0
137,115,184,1003,30139,VND->FC,255.9,1004,470,FC->FC,559.5,31449,753,FC->LMD,322.8,31449,0.04,530.0,1138.2,3,569.5,791.04,289.76,2.1,7.0,TL,4.9,0.0,0.0,0.0
95,116,196,31346,31889,VND->LMD,282.1,0,0,0,0.0,0,0,0,0.0,31346,0.0,4380.0,282.1,1,282.1,5688.31,2670.57,1.5,5.0,LTL,3.5,0.0,1108.29,1.0
95,117,196,1004,32024,VND->FC,413.4,31346,650,FC->LMD,135.9,0,0,0,0.0,31346,0.02,4380.0,549.3,2,282.1,5688.31,2670.57,1.8,5.0,LTL,3.2,0.0,0.0,0.0
95,118,196,1004,32024,VND->FC,413.4,31346,650,FC->LMD,135.9,0,0,0,0.0,31346,0.02,4380.0,549.3,2,282.1,5688.31,2670.57,1.0,5.0,TL,4.0,0.0,0.0,0.0
97,119,196,31392,31935,VND->LMD,473.2,0,0,0,0.0,0,0,0,0.0,31392,0.0,4256.0,473.2,1,473.2,3152.59,1641.97,1.5,5.0,LTL,3.5,0.0,1350.95,1.0
97,120,196,1004,32024,VND->FC,413.4,31392,696,FC->LMD,59.9,0,0,0,0.0,31392,0.02,4256.0,473.3,2,473.2,3152.59,1641.97,1.8,5.0,LTL,3.2,0.0,0.0,0.0
97,121,196,1004,32024,VND->FC,413.4,31392,696,FC->LMD,59.9,0,0,0,0.0,31392,0.02,4256.0,473.3,2,473.2,3152.59,1641.97,0.9,5.0,TL,4.1,0.0,0.0,0.0
91,122,196,31399,31942,VND->LMD,414.5,0,0,0,0.0,0,0,0,0.0,31399,0.0,861.0,414.5,1,414.5,1956.82,1131.11,1.5,6.0,LTL,4.5,1.0,407.26,1.0
91,123,196,1004,32024,VND->FC,413.4,31399,703,FC->LMD,269.9,0,0,0,0.0,31399,0.02,861.0,683.3,2,414.5,1956.82,1131.11,2.3,6.0,LTL,3.7,0.0,0.0,0.0
91,124,196,1004,32024,VND->FC,413.4,31399,703,FC->LMD,269.9,0,0,0,0.0,31399,0.02,861.0,683.3,2,414.5,1956.82,1131.11,1.2,6.0,TL,4.8,0.0,0.0,0.0
92,125,196,31430,31973,VND->LMD,478.8,0,0,0,0.0,0,0,0,0.0,31430,0.0,1246.0,478.8,1,478.8,2009.68,1182.16,1.5,5.0,LTL,3.5,1.0,596.69,1.0
92,126,196,1004,32024,VND->FC,413.4,31430,734,FC->LMD,204.0,0,0,0,0.0,31430,0.02,1246.0,617.4,2,478.8,2009.68,1182.16,1.8,5.0,LTL,3.2,0.0,0.0,0.0
92,127,196,1004,32024,VND->FC,413.4,31430,734,FC->LMD,204.0,0,0,0,0.0,31430,0.02,1246.0,617.4,2,478.8,2009.68,1182.16,1.1,5.0,TL,3.9,0.0,0.0,0.0
98,128,196,31436,31979,VND->LMD,87.2,0,0,0,0.0,0,0,0,0.0,31436,0.0,4046.0,87.2,1,87.2,4171.13,2837.5,1.0,6.0,LTL,5.0,0.0,860.76,1.0
98,129,196,1004,32024,VND->FC,413.4,31436,740,FC->LMD,339.7,0,0,0,0.0,31436,0.02,4046.0,753.0999999999999,2,87.2,4171.13,2837.5,2.3,6.0,LTL,3.7,0.0,0.0,0.0
98,130,196,1004,32024,VND->FC,413.4,31436,740,FC->LMD,339.7,0,0,0,0.0,31436,0.02,4046.0,753.0999999999999,2,87.2,4171.13,2837.5,1.4,6.0,TL,4.6,0.0,0.0,0.0
99,131,196,31446,31989,VND->LMD,649.9,0,0,0,0.0,0,0,0,0.0,31446,0.0,1394.0,649.9,1,649.9,4100.0,2751.68,1.5,6.0,LTL,4.5,1.0,765.04,1.0
99,132,196,1004,32024,VND->FC,413.4,31446,750,FC->LMD,393.1,0,0,0,0.0,31446,0.02,1394.0,806.5,2,649.9,4100.0,2751.68,2.3,6.0,LTL,3.7,0.0,0.0,0.0
99,133,196,1004,32024,VND->FC,413.4,31446,750,FC->LMD,393.1,0,0,0,0.0,31446,0.02,1394.0,806.5,2,649.9,4100.0,2751.68,1.5,6.0,TL,4.5,0.0,0.0,0.0
61,134,220,31334,35645,VND->LMD,143.4,0,0,0,0.0,0,0,0,0.0,31334,0.0,1951.0,143.4,1,143.4,3902.0,2086.63,1.0,5.0,LTL,4.0,1.0,614.91,1.0
61,135,220,1004,35792,VND->FC,365.1,31334,638,FC->LMD,233.3,0,0,0,0.0,31334,0.02,1951.0,598.4000000000001,2,143.4,3902.0,2086.63,2.2,5.0,LTL,2.8,0.0,0.0,0.0
61,136,220,1004,35792,VND->FC,365.1,31334,638,FC->LMD,233.3,0,0,0,0.0,31334,0.02,1951.0,598.4000000000001,2,143.4,3902.0,2086.63,1.1,5.0,TL,3.9,0.0,0.0,0.0
56,137,220,31337,35648,VND->LMD,1030.3,0,0,0,0.0,0,0,0,0.0,31337,0.0,2195.0,1030.3,1,1030.3,5487.5,2588.44,2.5,7.0,LTL,4.5,2.0,1389.45,1.0
56,138,220,1004,35792,VND->FC,365.1,31337,641,FC->LMD,665.8,0,0,0,0.0,31337,0.02,2195.0,1030.9,2,1030.3,5487.5,2588.44,3.2,7.0,LTL,3.8,0.0,0.0,0.0
56,139,220,1003,35791,VND->FC,917.8,31337,483,FC->LMD,148.8,0,0,0,0.0,31337,0.02,2195.0,1066.6,2,1030.3,5487.5,2588.44,2.7,7.0,LTL,4.3,0.0,0.0,0.0
56,140,220,1004,35792,VND->FC,365.1,31337,641,FC->LMD,665.8,0,0,0,0.0,31337,0.02,2195.0,1030.9,2,1030.3,5487.5,2588.44,1.9,7.0,TL,5.1,0.0,0.0,0.0
56,141,220,1003,35791,VND->FC,917.8,31337,483,FC->LMD,148.8,0,0,0,0.0,31337,0.02,2195.0,1066.6,2,1030.3,5487.5,2588.44,1.9,7.0,TL,5.1,0.0,0.0,0.0
56,142,220,1004,35792,VND->FC,365.1,1003,627,FC->FC,559.5,31337,483,FC->LMD,148.8,31337,0.04,2195.0,1073.4,3,1030.3,5487.5,2588.44,2.7,7.0,LTL,4.3,0.0,0.0,0.0
56,143,220,1004,35792,VND->FC,365.1,1003,627,FC->FC,559.5,31337,483,FC->LMD,148.8,31337,0.04,2195.0,1073.4,3,1030.3,5487.5,2588.44,2.0,7.0,TL,5.0,0.0,0.0,0.0
64,144,220,31392,35703,VND->LMD,347.5,0,0,0,0.0,0,0,0,0.0,31392,0.0,5934.0,347.5,1,347.5,14473.17,7272.95,1.5,6.0,LTL,4.5,0.0,1191.29,1.0
64,145,220,1004,35792,VND->FC,365.1,31392,696,FC->LMD,59.9,0,0,0,0.0,31392,0.02,5934.0,425.0,2,347.5,14473.17,7272.95,1.7,6.0,LTL,4.3,0.0,0.0,0.0
64,146,220,1004,35792,VND->FC,365.1,31392,696,FC->LMD,59.9,0,0,0,0.0,31392,0.02,5934.0,425.0,2,347.5,14473.17,7272.95,0.8,6.0,TL,5.2,0.0,0.0,0.0
59,147,220,31430,35741,VND->LMD,558.2,0,0,0,0.0,0,0,0,0.0,31430,0.0,2723.0,558.2,1,558.2,10473.08,7589.19,1.5,5.0,LTL,3.5,3.0,993.13,1.0
59,148,220,1004,35792,VND->FC,365.1,31430,734,FC->LMD,204.0,0,0,0,0.0,31430,0.02,2723.0,569.1,2,558.2,10473.08,7589.19,1.7,5.0,LTL,3.3,0.0,0.0,0.0
59,149,220,1004,35792,VND->FC,365.1,31430,734,FC->LMD,204.0,0,0,0,0.0,31430,0.02,2723.0,569.1,2,558.2,10473.08,7589.19,1.0,5.0,TL,4.0,0.0,0.0,0.0
66,150,220,31446,35757,VND->LMD,28.1,0,0,0,0.0,0,0,0,0.0,31446,0.0,5459.0,28.1,1,28.1,19496.43,10538.61,1.0,5.0,LTL,4.0,0.0,785.63,1.0
66,151,220,1004,35792,VND->FC,365.1,31446,750,FC->LMD,393.1,0,0,0,0.0,31446,0.02,5459.0,758.2,2,28.1,19496.43,10538.61,2.2,5.0,LTL,2.8,0.0,0.0,0.0
66,152,220,1004,35792,VND->FC,365.1,31446,750,FC->LMD,393.1,0,0,0,0.0,31446,0.02,5459.0,758.2,2,28.1,19496.43,10538.61,1.4,5.0,TL,3.6,0.0,0.0,0.0
60,153,220,31449,35760,VND->LMD,632.4,0,0,0,0.0,0,0,0,0.0,31449,0.0,2156.0,632.4,1,632.4,2073.08,1001.49,1.5,6.0,LTL,4.5,2.0,1048.37,1.0
60,154,220,1004,35792,VND->FC,365.1,31449,753,FC->LMD,322.8,0,0,0,0.0,31449,0.02,2156.0,687.9000000000001,2,632.4,2073.08,1001.49,2.2,6.0,LTL,3.8,0.0,0.0,0.0
60,155,220,1004,35792,VND->FC,365.1,31449,753,FC->LMD,322.8,0,0,0,0.0,31449,0.02,2156.0,687.9000000000001,2,632.4,2073.08,1001.49,1.3,6.0,TL,4.7,0.0,0.0,0.0
45,156,284,31337,45696,VND->LMD,638.8,0,0,0,0.0,0,0,0,0.0,31337,0.0,1306.0,638.8,1,638.8,1467.42,1095.09,1.5,8.0,LTL,6.5,1.0,715.29,1.0
45,157,284,1004,45840,VND->FC,237.5,31337,641,FC->LMD,665.8,0,0,0,0.0,31337,0.02,1306.0,903.3,2,638.8,1467.42,1095.09,3.0,8.0,LTL,5.0,0.0,0.0,0.0
45,158,284,1003,45839,VND->FC,580.6,31337,483,FC->LMD,148.8,0,0,0,0.0,31337,0.02,1306.0,729.4000000000001,2,638.8,1467.42,1095.09,2.1,8.0,LTL,5.9,0.0,0.0,0.0
45,159,284,1004,45840,VND->FC,237.5,31337,641,FC->LMD,665.8,0,0,0,0.0,31337,0.02,1306.0,903.3,2,638.8,1467.42,1095.09,1.6,8.0,TL,6.4,0.0,0.0,0.0
45,160,284,1003,45839,VND->FC,580.6,31337,483,FC->LMD,148.8,0,0,0,0.0,31337,0.02,1306.0,729.4000000000001,2,638.8,1467.42,1095.09,1.3,8.0,TL,6.7,0.0,0.0,0.0
45,161,284,1004,45840,VND->FC,237.5,1003,627,FC->FC,559.5,31337,483,FC->LMD,148.8,31337,0.04,1306.0,945.8,3,638.8,1467.42,1095.09,2.5,8.0,LTL,5.5,0.0,0.0,0.0
45,162,284,1004,45840,VND->FC,237.5,1003,627,FC->FC,559.5,31337,483,FC->LMD,148.8,31337,0.04,1306.0,945.8,3,638.8,1467.42,1095.09,1.7,8.0,TL,6.3,0.0,0.0,0.0
51,163,284,31346,45705,VND->LMD,105.4,0,0,0,0.0,0,0,0,0.0,31346,0.0,4646.0,105.4,1,105.4,15486.67,9927.35,1.0,5.0,LTL,4.0,0.0,883.92,1.0
51,164,284,1004,45840,VND->FC,237.5,31346,650,FC->LMD,135.9,0,0,0,0.0,31346,0.02,4646.0,373.4,2,105.4,15486.67,9927.35,1.5,5.0,LTL,3.5,0.0,0.0,0.0
51,165,284,1004,45840,VND->FC,237.5,31346,650,FC->LMD,135.9,0,0,0,0.0,31346,0.02,4646.0,373.4,2,105.4,15486.67,9927.35,0.7,5.0,TL,4.3,0.0,0.0,0.0
53,166,284,31392,45751,VND->LMD,297.5,0,0,0,0.0,0,0,0,0.0,31392,0.0,3906.0,297.5,1,297.5,3310.17,1935.77,1.5,5.0,LTL,3.5,3.0,1101.28,1.0
53,167,284,1004,45840,VND->FC,237.5,31392,696,FC->LMD,59.9,0,0,0,0.0,31392,0.02,3906.0,297.4,2,297.5,3310.17,1935.77,1.5,5.0,LTL,3.5,0.0,0.0,0.0
53,168,284,1004,45840,VND->FC,237.5,31392,696,FC->LMD,59.9,0,0,0,0.0,31392,0.02,3906.0,297.4,2,297.5,3310.17,1935.77,0.5,5.0,TL,4.5,0.0,0.0,0.0
48,169,284,31430,45789,VND->LMD,319.4,0,0,0,0.0,0,0,0,0.0,31430,0.0,602.0,319.4,1,319.4,2408.0,1060.79,1.5,5.0,LTL,3.5,1.0,275.17,1.0
48,170,284,1004,45840,VND->FC,237.5,31430,734,FC->LMD,204.0,0,0,0,0.0,31430,0.02,602.0,441.5,2,319.4,2408.0,1060.79,1.5,5.0,LTL,3.5,0.0,0.0,0.0
48,171,284,1004,45840,VND->FC,237.5,31430,734,FC->LMD,204.0,0,0,0,0.0,31430,0.02,602.0,441.5,2,319.4,2408.0,1060.79,0.8,5.0,TL,4.2,0.0,0.0,0.0
54,172,284,31436,45795,VND->LMD,103.8,0,0,0,0.0,0,0,0,0.0,31436,0.0,4920.0,103.8,1,103.8,14057.14,5304.58,1.0,6.0,LTL,5.0,0.0,881.88,1.0
54,173,284,1004,45840,VND->FC,237.5,31436,740,FC->LMD,339.7,0,0,0,0.0,31436,0.02,4920.0,577.2,2,103.8,14057.14,5304.58,2.0,6.0,LTL,4.0,0.0,0.0,0.0
54,174,284,1004,45840,VND->FC,237.5,31436,740,FC->LMD,339.7,0,0,0,0.0,31436,0.02,4920.0,577.2,2,103.8,14057.14,5304.58,1.0,6.0,TL,5.0,0.0,0.0,0.0
6,175,318,31334,51031,VND->LMD,901.9,0,0,0,0.0,0,0,0,0.0,31334,0.0,5842.0,901.9,1,901.9,7124.39,3634.89,2.5,8.0,LTL,5.5,0.0,1895.36,1.0
6,176,318,1003,51177,VND->FC,285.6,31334,480,FC->LMD,776.8,0,0,0,0.0,31334,0.02,5842.0,1062.4,2,901.9,7124.39,3634.89,3.0,8.0,LTL,5.0,0.0,0.0,0.0
6,177,318,1004,51178,VND->FC,668.5,31334,638,FC->LMD,233.3,0,0,0,0.0,31334,0.02,5842.0,901.8,2,901.9,7124.39,3634.89,2.7,8.0,LTL,5.3,0.0,0.0,0.0
6,178,318,1003,51177,VND->FC,285.6,31334,480,FC->LMD,776.8,0,0,0,0.0,31334,0.02,5842.0,1062.4,2,901.9,7124.39,3634.89,1.9,8.0,TL,6.1,0.0,0.0,0.0
6,179,318,1004,51178,VND->FC,668.5,31334,638,FC->LMD,233.3,0,0,0,0.0,31334,0.02,5842.0,901.8,2,901.9,7124.39,3634.89,1.6,8.0,TL,6.4,0.0,0.0,0.0
6,180,318,1003,51177,VND->FC,285.6,1004,470,FC->FC,559.5,31334,638,FC->LMD,233.3,31334,0.04,5842.0,1078.4,3,901.9,7124.39,3634.89,3.0,8.0,LTL,5.0,0.0,0.0,0.0
6,181,318,1003,51177,VND->FC,285.6,1004,470,FC->FC,559.5,31334,638,FC->LMD,233.3,31334,0.04,5842.0,1078.4,3,901.9,7124.39,3634.89,2.0,8.0,TL,6.0,0.0,0.0,0.0
1,182,318,31337,51034,VND->LMD,175.7,0,0,0,0.0,0,0,0,0.0,31337,0.0,1302.0,175.7,1,175.7,1648.1,1043.1,1.0,5.0,LTL,4.0,1.0,444.6,1.0
1,183,318,1003,51177,VND->FC,285.6,31337,483,FC->LMD,148.8,0,0,0,0.0,31337,0.02,1302.0,434.4,2,175.7,1648.1,1043.1,1.5,5.0,LTL,3.5,0.0,0.0,0.0
1,184,318,1003,51177,VND->FC,285.6,31337,483,FC->LMD,148.8,0,0,0,0.0,31337,0.02,1302.0,434.4,2,175.7,1648.1,1043.1,0.8,5.0,TL,4.2,0.0,0.0,0.0
8,185,318,31349,51046,VND->LMD,278.2,0,0,0,0.0,0,0,0,0.0,31349,0.0,2126.0,278.2,1,278.2,1436.49,957.66,1.5,5.0,LTL,3.5,2.0,744.72,1.0
8,186,318,1003,51177,VND->FC,285.6,31349,495,FC->LMD,13.9,0,0,0,0.0,31349,0.02,2126.0,299.5,2,278.2,1436.49,957.66,1.5,5.0,LTL,3.5,0.0,0.0,0.0
8,187,318,1003,51177,VND->FC,285.6,31349,495,FC->LMD,13.9,0,0,0,0.0,31349,0.02,2126.0,299.5,2,278.2,1436.49,957.66,0.5,5.0,TL,4.5,0.0,0.0,0.0
2,188,318,31365,51062,VND->LMD,552.1,0,0,0,0.0,0,0,0,0.0,31365,0.0,1055.0,552.1,1,552.1,3403.23,2253.79,1.5,6.0,LTL,4.5,1.0,551.0,1.0
2,189,318,1003,51177,VND->FC,285.6,31365,511,FC->LMD,277.3,0,0,0,0.0,31365,0.02,1055.0,562.9000000000001,2,552.1,3403.23,2253.79,2.0,6.0,LTL,4.0,0.0,0.0,0.0
2,190,318,1003,51177,VND->FC,285.6,31365,511,FC->LMD,277.3,0,0,0,0.0,31365,0.02,1055.0,562.9000000000001,2,552.1,3403.23,2253.79,1.0,6.0,TL,5.0,0.0,0.0,0.0
3,191,318,31399,51096,VND->LMD,874.2,0,0,0,0.0,0,0,0,0.0,31399,0.0,1053.0,874.2,1,874.2,2925.0,1794.48,2.5,8.0,LTL,5.5,1.0,705.15,1.0
3,192,318,1003,51177,VND->FC,285.6,31399,545,FC->LMD,815.7,0,0,0,0.0,31399,0.02,1053.0,1101.3000000000002,2,874.2,2925.0,1794.48,3.0,8.0,LTL,5.0,0.0,0.0,0.0
3,193,318,1004,51178,VND->FC,668.5,31399,703,FC->LMD,269.9,0,0,0,0.0,31399,0.02,1053.0,938.4,2,874.2,2925.0,1794.48,2.7,8.0,LTL,5.3,0.0,0.0,0.0
3,194,318,1003,51177,VND->FC,285.6,31399,545,FC->LMD,815.7,0,0,0,0.0,31399,0.02,1053.0,1101.3000000000002,2,874.2,2925.0,1794.48,2.0,8.0,TL,6.0,0.0,0.0,0.0
3,195,318,1004,51178,VND->FC,668.5,31399,703,FC->LMD,269.9,0,0,0,0.0,31399,0.02,1053.0,938.4,2,874.2,2925.0,1794.48,1.7,8.0,TL,6.3,0.0,0.0,0.0
3,196,318,1003,51177,VND->FC,285.6,1004,470,FC->FC,559.5,31399,703,FC->LMD,269.9,31399,0.04,1053.0,1115.0,3,874.2,2925.0,1794.48,3.0,8.0,LTL,5.0,0.0,0.0,0.0
3,197,318,1003,51177,VND->FC,285.6,1004,470,FC->FC,559.5,31399,703,FC->LMD,269.9,31399,0.04,1053.0,1115.0,3,874.2,2925.0,1794.48,2.0,8.0,TL,6.0,0.0,0.0,0.0
11,198,318,31446,51143,VND->LMD,1057.0,0,0,0,0.0,0,0,0,0.0,31446,0.0,3359.0,1057.0,1,1057.0,2665.87,2066.57,2.5,8.0,LTL,5.5,3.0,1757.07,1.0
11,199,318,1003,51177,VND->FC,285.6,31446,592,FC->LMD,945.8,0,0,0,0.0,31446,0.02,3359.0,1231.4,2,1057.0,2665.87,2066.57,3.0,8.0,LTL,5.0,0.0,0.0,0.0
11,200,318,1004,51178,VND->FC,668.5,31446,750,FC->LMD,393.1,0,0,0,0.0,31446,0.02,3359.0,1061.6,2,1057.0,2665.87,2066.57,2.7,8.0,LTL,5.3,0.0,0.0,0.0
11,201,318,1003,51177,VND->FC,285.6,31446,592,FC->LMD,945.8,0,0,0,0.0,31446,0.02,3359.0,1231.4,2,1057.0,2665.87,2066.57,2.2,8.0,TL,5.8,0.0,0.0,0.0
11,202,318,1004,51178,VND->FC,668.5,31446,750,FC->LMD,393.1,0,0,0,0.0,31446,0.02,3359.0,1061.6,2,1057.0,2665.87,2066.57,1.9,8.0,TL,6.1,0.0,0.0,0.0
11,203,318,1003,51177,VND->FC,285.6,1004,470,FC->FC,559.5,31446,750,FC->LMD,393.1,31446,0.04,3359.0,1238.2,3,1057.0,2665.87,2066.57,3.0,8.0,LTL,5.0,0.0,0.0,0.0
11,204,318,1003,51177,VND->FC,285.6,1004,470,FC->FC,559.5,31446,750,FC->LMD,393.1,31446,0.04,3359.0,1238.2,3,1057.0,2665.87,2066.57,2.3,8.0,TL,5.7,0.0,0.0,0.0
128,205,332,31346,53241,VND->LMD,135.1,0,0,0,0.0,0,0,0,0.0,31346,0.0,5204.0,135.1,1,135.1,15305.88,7809.12,1.0,5.0,LTL,4.0,0.0,921.57,1.0
128,206,332,1004,53376,VND->FC,266.8,31346,650,FC->LMD,135.9,0,0,0,0.0,31346,0.02,5204.0,402.7000000000001,2,135.1,15305.88,7809.12,1.5,5.0,LTL,3.5,0.0,0.0,0.0
128,207,332,1004,53376,VND->FC,266.8,31346,650,FC->LMD,135.9,0,0,0,0.0,31346,0.02,5204.0,402.7000000000001,2,135.1,15305.88,7809.12,0.7,5.0,TL,4.3,0.0,0.0,0.0
129,208,332,31349,53244,VND->LMD,489.0,0,0,0,0.0,0,0,0,0.0,31349,0.0,7633.0,489.0,1,489.0,23130.3,7583.7,1.5,7.0,LTL,5.5,0.0,1370.98,1.0
129,209,332,1004,53376,VND->FC,266.8,31349,653,FC->LMD,549.5,0,0,0,0.0,31349,0.02,7633.0,816.3,2,489.0,23130.3,7583.7,2.0,7.0,LTL,5.0,0.0,0.0,0.0
129,210,332,1003,53375,VND->FC,502.4,31349,495,FC->LMD,13.9,0,0,0,0.0,31349,0.02,7633.0,516.3,2,489.0,23130.3,7583.7,1.9,7.0,LTL,5.1,0.0,0.0,0.0
129,211,332,1004,53376,VND->FC,266.8,31349,653,FC->LMD,549.5,0,0,0,0.0,31349,0.02,7633.0,816.3,2,489.0,23130.3,7583.7,1.5,7.0,TL,5.5,0.0,0.0,0.0
129,212,332,1003,53375,VND->FC,502.4,31349,495,FC->LMD,13.9,0,0,0,0.0,31349,0.02,7633.0,516.3,2,489.0,23130.3,7583.7,0.9,7.0,TL,6.1,0.0,0.0,0.0
129,213,332,1004,53376,VND->FC,266.8,1003,627,FC->FC,559.5,31349,495,FC->LMD,13.9,31349,0.04,7633.0,840.1999999999999,3,489.0,23130.3,7583.7,2.5,7.0,LTL,4.5,0.0,0.0,0.0
129,214,332,1004,53376,VND->FC,266.8,1003,627,FC->FC,559.5,31349,495,FC->LMD,13.9,31349,0.04,7633.0,840.1999999999999,3,489.0,23130.3,7583.7,1.5,7.0,TL,5.5,0.0,0.0,0.0
130,215,332,31392,53287,VND->LMD,324.1,0,0,0,0.0,0,0,0,0.0,31392,0.0,3186.0,324.1,1,324.1,7770.73,4390.24,1.5,5.0,LTL,3.5,3.0,925.24,1.0
130,216,332,1004,53376,VND->FC,266.8,31392,696,FC->LMD,59.9,0,0,0,0.0,31392,0.02,3186.0,326.7,2,324.1,7770.73,4390.24,1.5,5.0,LTL,3.5,0.0,0.0,0.0
130,217,332,1004,53376,VND->FC,266.8,31392,696,FC->LMD,59.9,0,0,0,0.0,31392,0.02,3186.0,326.7,2,324.1,7770.73,4390.24,0.6,5.0,TL,4.4,0.0,0.0,0.0
124,218,332,31399,53294,VND->LMD,391.9,0,0,0,0.0,0,0,0,0.0,31399,0.0,1321.0,391.9,1,391.9,2871.74,1604.32,1.5,5.0,LTL,3.5,1.0,577.47,1.0
124,219,332,1004,53376,VND->FC,266.8,31399,703,FC->LMD,269.9,0,0,0,0.0,31399,0.02,1321.0,536.7,2,391.9,2871.74,1604.32,2.0,5.0,LTL,3.0,0.0,0.0,0.0
124,220,332,1004,53376,VND->FC,266.8,31399,703,FC->LMD,269.9,0,0,0,0.0,31399,0.02,1321.0,536.7,2,391.9,2871.74,1604.32,1.0,5.0,TL,4.0,0.0,0.0,0.0
125,221,332,31430,53325,VND->LMD,285.0,0,0,0,0.0,0,0,0,0.0,31430,0.0,3019.0,285.0,1,285.0,9148.48,4764.83,1.5,5.0,LTL,3.5,3.0,839.2,1.0
125,222,332,1004,53376,VND->FC,266.8,31430,734,FC->LMD,204.0,0,0,0,0.0,31430,0.02,3019.0,470.8,2,285.0,9148.48,4764.83,1.5,5.0,LTL,3.5,0.0,0.0,0.0
125,223,332,1004,53376,VND->FC,266.8,31430,734,FC->LMD,204.0,0,0,0,0.0,31430,0.02,3019.0,470.8,2,285.0,9148.48,4764.83,0.9,5.0,TL,4.1,0.0,0.0,0.0
131,224,332,31436,53331,VND->LMD,108.8,0,0,0,0.0,0,0,0,0.0,31436,0.0,1916.0,108.8,1,108.8,4076.6,1913.9,1.0,6.0,LTL,5.0,1.0,576.22,1.0
131,225,332,1004,53376,VND->FC,266.8,31436,740,FC->LMD,339.7,0,0,0,0.0,31436,0.02,1916.0,606.5,2,108.8,4076.6,1913.9,2.0,6.0,LTL,4.0,0.0,0.0,0.0
131,226,332,1004,53376,VND->FC,266.8,31436,740,FC->LMD,339.7,0,0,0,0.0,31436,0.02,1916.0,606.5,2,108.8,4076.6,1913.9,1.1,6.0,TL,4.9,0.0,0.0,0.0
132,227,332,31446,53341,VND->LMD,600.4,0,0,0,0.0,0,0,0,0.0,31446,0.0,1801.0,600.4,1,600.4,1593.81,989.94,1.5,5.0,LTL,3.5,1.0,926.89,1.0
132,228,332,1004,53376,VND->FC,266.8,31446,750,FC->LMD,393.1,0,0,0,0.0,31446,0.02,1801.0,659.9000000000001,2,600.4,1593.81,989.94,2.0,5.0,LTL,3.0,0.0,0.0,0.0
132,229,332,1004,53376,VND->FC,266.8,31446,750,FC->LMD,393.1,0,0,0,0.0,31446,0.02,1801.0,659.9000000000001,2,600.4,1593.81,989.94,1.2,5.0,TL,3.8,0.0,0.0,0.0
126,230,332,31449,53344,VND->LMD,439.8,0,0,0,0.0,0,0,0,0.0,31449,0.0,1136.0,439.8,1,439.8,3155.56,2103.71,1.5,5.0,LTL,3.5,1.0,529.94,1.0
126,231,332,1004,53376,VND->FC,266.8,31449,753,FC->LMD,322.8,0,0,0,0.0,31449,0.02,1136.0,589.6,2,439.8,3155.56,2103.71,2.0,5.0,LTL,3.0,0.0,0.0,0.0
126,232,332,1004,53376,VND->FC,266.8,31449,753,FC->LMD,322.8,0,0,0,0.0,31449,0.02,1136.0,589.6,2,439.8,3155.56,2103.71,1.1,5.0,TL,3.9,0.0,0.0,0.0
39,233,342,31334,54799,VND->LMD,178.8,0,0,0,0.0,0,0,0,0.0,31334,0.0,4806.0,178.8,1,178.8,17164.29,8134.73,1.0,5.0,LTL,4.0,0.0,977.08,1.0
39,234,342,1004,54946,VND->FC,173.8,31334,638,FC->LMD,233.3,0,0,0,0.0,31334,0.02,4806.0,407.1,2,178.8,17164.29,8134.73,2.0,5.0,LTL,3.0,0.0,0.0,0.0
39,235,342,1004,54946,VND->FC,173.8,31334,638,FC->LMD,233.3,0,0,0,0.0,31334,0.02,4806.0,407.1,2,178.8,17164.29,8134.73,0.7,5.0,TL,4.3,0.0,0.0,0.0
40,236,342,31346,54811,VND->LMD,204.7,0,0,0,0.0,0,0,0,0.0,31346,0.0,1850.0,204.7,1,204.7,2761.19,1387.53,1.0,5.0,LTL,4.0,1.0,634.37,1.0
40,237,342,1004,54946,VND->FC,173.8,31346,650,FC->LMD,135.9,0,0,0,0.0,31346,0.02,1850.0,309.70000000000005,2,204.7,2761.19,1387.53,1.5,5.0,LTL,3.5,0.0,0.0,0.0
40,238,342,1004,54946,VND->FC,173.8,31346,650,FC->LMD,135.9,0,0,0,0.0,31346,0.02,1850.0,309.70000000000005,2,204.7,2761.19,1387.53,0.6,5.0,TL,4.4,0.0,0.0,0.0
42,239,342,31392,54857,VND->LMD,199.5,0,0,0,0.0,0,0,0,0.0,31392,0.0,5212.0,199.5,1,199.5,13715.79,8736.17,1.0,5.0,LTL,4.0,0.0,1003.35,1.0
42,240,342,1004,54946,VND->FC,173.8,31392,696,FC->LMD,59.9,0,0,0,0.0,31392,0.02,5212.0,233.7,2,199.5,13715.79,8736.17,1.5,5.0,LTL,3.5,0.0,0.0,0.0
42,241,342,1004,54946,VND->FC,173.8,31392,696,FC->LMD,59.9,0,0,0,0.0,31392,0.02,5212.0,233.7,2,199.5,13715.79,8736.17,0.4,5.0,TL,4.6,0.0,0.0,0.0
36,242,342,31399,54864,VND->LMD,96.4,0,0,0,0.0,0,0,0,0.0,31399,0.0,2808.0,96.4,1,96.4,8258.82,4488.49,1.0,5.0,LTL,4.0,3.0,612.47,1.0
36,243,342,1004,54946,VND->FC,173.8,31399,703,FC->LMD,269.9,0,0,0,0.0,31399,0.02,2808.0,443.7,2,96.4,8258.82,4488.49,2.0,5.0,LTL,3.0,0.0,0.0,0.0
36,244,342,1004,54946,VND->FC,173.8,31399,703,FC->LMD,269.9,0,0,0,0.0,31399,0.02,2808.0,443.7,2,96.4,8258.82,4488.49,0.8,5.0,TL,4.2,0.0,0.0,0.0
43,245,342,31436,54901,VND->LMD,343.4,0,0,0,0.0,0,0,0,0.0,31436,0.0,1162.0,343.4,1,343.4,4150.0,2577.64,1.5,5.0,LTL,3.5,1.0,490.02,1.0
43,246,342,1004,54946,VND->FC,173.8,31436,740,FC->LMD,339.7,0,0,0,0.0,31436,0.02,1162.0,513.5,2,343.4,4150.0,2577.64,2.0,5.0,LTL,3.0,0.0,0.0,0.0
43,247,342,1004,54946,VND->FC,173.8,31436,740,FC->LMD,339.7,0,0,0,0.0,31436,0.02,1162.0,513.5,2,343.4,4150.0,2577.64,0.9,5.0,TL,4.1,0.0,0.0,0.0
44,248,342,31446,54911,VND->LMD,277.9,0,0,0,0.0,0,0,0,0.0,31446,0.0,3949.0,277.9,1,277.9,10969.44,8775.55,1.5,6.0,LTL,4.5,3.0,1088.81,1.0
44,249,342,1004,54946,VND->FC,173.8,31446,750,FC->LMD,393.1,0,0,0,0.0,31446,0.02,3949.0,566.9000000000001,2,277.9,10969.44,8775.55,2.0,6.0,LTL,4.0,0.0,0.0,0.0
44,250,342,1004,54946,VND->FC,173.8,31446,750,FC->LMD,393.1,0,0,0,0.0,31446,0.02,3949.0,566.9000000000001,2,277.9,10969.44,8775.55,1.0,6.0,TL,5.0,0.0,0.0,0.0
28,251,377,31334,60294,VND->LMD,451.3,0,0,0,0.0,0,0,0,0.0,31334,0.0,6147.0,451.3,1,451.3,15367.5,6985.23,1.5,6.0,LTL,4.5,0.0,1323.09,1.0
28,252,377,1004,60441,VND->FC,230.2,31334,638,FC->LMD,233.3,0,0,0,0.0,31334,0.02,6147.0,463.5,2,451.3,15367.5,6985.23,2.0,6.0,LTL,4.0,0.0,0.0,0.0
28,253,377,1004,60441,VND->FC,230.2,31334,638,FC->LMD,233.3,0,0,0,0.0,31334,0.02,6147.0,463.5,2,451.3,15367.5,6985.23,0.8,6.0,TL,5.2,0.0,0.0,0.0
23,254,377,31337,60297,VND->LMD,517.7,0,0,0,0.0,0,0,0,0.0,31337,0.0,821.0,517.7,1,517.7,1189.86,753.08,1.5,7.0,LTL,5.5,1.0,431.47,1.0
23,255,377,1004,60441,VND->FC,230.2,31337,641,FC->LMD,665.8,0,0,0,0.0,31337,0.02,821.0,896.0,2,517.7,1189.86,753.08,3.0,7.0,LTL,4.0,0.0,0.0,0.0
23,256,377,1003,60440,VND->FC,454.2,31337,483,FC->LMD,148.8,0,0,0,0.0,31337,0.02,821.0,603.0,2,517.7,1189.86,753.08,1.8,7.0,LTL,5.2,0.0,0.0,0.0
23,257,377,1004,60441,VND->FC,230.2,31337,641,FC->LMD,665.8,0,0,0,0.0,31337,0.02,821.0,896.0,2,517.7,1189.86,753.08,1.6,7.0,TL,5.4,0.0,0.0,0.0
23,258,377,1003,60440,VND->FC,454.2,31337,483,FC->LMD,148.8,0,0,0,0.0,31337,0.02,821.0,603.0,2,517.7,1189.86,753.08,1.1,7.0,TL,5.9,0.0,0.0,0.0
23,259,377,1004,60441,VND->FC,230.2,1003,627,FC->FC,559.5,31337,483,FC->LMD,148.8,31337,0.04,821.0,938.5,3,517.7,1189.86,753.08,2.5,7.0,LTL,4.5,0.0,0.0,0.0
23,260,377,1004,60441,VND->FC,230.2,1003,627,FC->FC,559.5,31337,483,FC->LMD,148.8,31337,0.04,821.0,938.5,3,517.7,1189.86,753.08,1.7,7.0,TL,5.3,0.0,0.0,0.0
29,261,377,31346,60306,VND->LMD,116.5,0,0,0,0.0,0,0,0,0.0,31346,0.0,3024.0,116.5,1,116.5,4581.82,2437.14,1.0,5.0,LTL,4.0,3.0,678.84,1.0
29,262,377,1004,60441,VND->FC,230.2,31346,650,FC->LMD,135.9,0,0,0,0.0,31346,0.02,3024.0,366.1,2,116.5,4581.82,2437.14,1.5,5.0,LTL,3.5,0.0,0.0,0.0
29,263,377,1004,60441,VND->FC,230.2,31346,650,FC->LMD,135.9,0,0,0,0.0,31346,0.02,3024.0,366.1,2,116.5,4581.82,2437.14,0.7,5.0,TL,4.3,0.0,0.0,0.0
30,264,377,31349,60309,VND->LMD,441.2,0,0,0,0.0,0,0,0,0.0,31349,0.0,5065.0,441.2,1,441.2,12662.5,6146.84,1.5,8.0,LTL,6.5,0.0,1310.27,1.0
30,265,377,1004,60441,VND->FC,230.2,31349,653,FC->LMD,549.5,0,0,0,0.0,31349,0.02,5065.0,779.7,2,441.2,12662.5,6146.84,2.0,8.0,LTL,6.0,0.0,0.0,0.0
30,266,377,1003,60440,VND->FC,454.2,31349,495,FC->LMD,13.9,0,0,0,0.0,31349,0.02,5065.0,468.1,2,441.2,12662.5,6146.84,1.8,8.0,LTL,6.2,0.0,0.0,0.0
30,267,377,1004,60441,VND->FC,230.2,31349,653,FC->LMD,549.5,0,0,0,0.0,31349,0.02,5065.0,779.7,2,441.2,12662.5,6146.84,1.4,8.0,TL,6.6,0.0,0.0,0.0
30,268,377,1003,60440,VND->FC,454.2,31349,495,FC->LMD,13.9,0,0,0,0.0,31349,0.02,5065.0,468.1,2,441.2,12662.5,6146.84,0.9,8.0,TL,7.1,0.0,0.0,0.0
30,269,377,1004,60441,VND->FC,230.2,1003,627,FC->FC,559.5,31349,495,FC->LMD,13.9,31349,0.04,5065.0,803.6,3,441.2,12662.5,6146.84,2.5,8.0,LTL,5.5,0.0,0.0,0.0
30,270,377,1004,60441,VND->FC,230.2,1003,627,FC->FC,559.5,31349,495,FC->LMD,13.9,31349,0.04,5065.0,803.6,3,441.2,12662.5,6146.84,1.5,8.0,TL,6.5,0.0,0.0,0.0
24,271,377,31365,60325,VND->LMD,657.8,0,0,0,0.0,0,0,0,0.0,31365,0.0,1412.0,657.8,1,657.8,2393.22,1314.96,2.5,9.0,LTL,6.5,1.0,778.82,1.0
24,272,377,1004,60441,VND->FC,230.2,31365,669,FC->LMD,677.5,0,0,0,0.0,31365,0.02,1412.0,907.7,2,657.8,2393.22,1314.96,3.0,9.0,LTL,6.0,0.0,0.0,0.0
24,273,377,1003,60440,VND->FC,454.2,31365,511,FC->LMD,277.3,0,0,0,0.0,31365,0.02,1412.0,731.5,2,657.8,2393.22,1314.96,2.3,9.0,LTL,6.7,0.0,0.0,0.0
24,274,377,1004,60441,VND->FC,230.2,31365,669,FC->LMD,677.5,0,0,0,0.0,31365,0.02,1412.0,907.7,2,657.8,2393.22,1314.96,1.7,9.0,TL,7.3,0.0,0.0,0.0
24,275,377,1003,60440,VND->FC,454.2,31365,511,FC->LMD,277.3,0,0,0,0.0,31365,0.02,1412.0,731.5,2,657.8,2393.22,1314.96,1.3,9.0,TL,7.7,0.0,0.0,0.0
24,276,377,1004,60441,VND->FC,230.2,1003,627,FC->FC,559.5,31365,511,FC->LMD,277.3,31365,0.04,1412.0,1067.0,3,657.8,2393.22,1314.96,3.0,9.0,LTL,6.0,0.0,0.0,0.0
24,277,377,1004,60441,VND->FC,230.2,1003,627,FC->FC,559.5,31365,511,FC->LMD,277.3,31365,0.04,1412.0,1067.0,3,657.8,2393.22,1314.96,1.9,9.0,TL,7.1,0.0,0.0,0.0
31,278,377,31392,60352,VND->LMD,283.4,0,0,0,0.0,0,0,0,0.0,31392,0.0,5748.0,283.4,1,283.4,17962.5,10148.31,1.5,5.0,LTL,3.5,0.0,1109.9,1.0
31,279,377,1004,60441,VND->FC,230.2,31392,696,FC->LMD,59.9,0,0,0,0.0,31392,0.02,5748.0,290.1,2,283.4,17962.5,10148.31,1.5,5.0,LTL,3.5,0.0,0.0,0.0
31,280,377,1004,60441,VND->FC,230.2,31392,696,FC->LMD,59.9,0,0,0,0.0,31392,0.02,5748.0,290.1,2,283.4,17962.5,10148.31,0.5,5.0,TL,4.5,0.0,0.0,0.0
26,281,377,31430,60390,VND->LMD,221.6,0,0,0,0.0,0,0,0,0.0,31430,0.0,1145.0,221.6,1,221.6,4978.26,2337.21,1.5,5.0,LTL,3.5,1.0,420.61,1.0
26,282,377,1004,60441,VND->FC,230.2,31430,734,FC->LMD,204.0,0,0,0,0.0,31430,0.02,1145.0,434.2,2,221.6,4978.26,2337.21,1.5,5.0,LTL,3.5,0.0,0.0,0.0
26,283,377,1004,60441,VND->FC,230.2,31430,734,FC->LMD,204.0,0,0,0,0.0,31430,0.02,1145.0,434.2,2,221.6,4978.26,2337.21,0.8,5.0,TL,4.2,0.0,0.0,0.0
32,284,377,31436,60396,VND->LMD,172.4,0,0,0,0.0,0,0,0,0.0,31436,0.0,5366.0,172.4,1,172.4,3778.87,1717.67,1.0,5.0,LTL,4.0,0.0,968.91,1.0
32,285,377,1004,60441,VND->FC,230.2,31436,740,FC->LMD,339.7,0,0,0,0.0,31436,0.02,5366.0,569.9,2,172.4,3778.87,1717.67,2.0,5.0,LTL,3.0,0.0,0.0,0.0
32,286,377,1004,60441,VND->FC,230.2,31436,740,FC->LMD,339.7,0,0,0,0.0,31436,0.02,5366.0,569.9,2,172.4,3778.87,1717.67,1.0,5.0,TL,4.0,0.0,0.0,0.0
33,287,377,31446,60406,VND->LMD,592.0,0,0,0,0.0,0,0,0,0.0,31446,0.0,5785.0,592.0,1,592.0,14109.76,5490.18,1.5,5.0,LTL,3.5,0.0,1501.82,1.0
33,288,377,1004,60441,VND->FC,230.2,31446,750,FC->LMD,393.1,0,0,0,0.0,31446,0.02,5785.0,623.3,2,592.0,14109.76,5490.18,2.0,5.0,LTL,3.0,0.0,0.0,0.0
33,289,377,1004,60441,VND->FC,230.2,31446,750,FC->LMD,393.1,0,0,0,0.0,31446,0.02,5785.0,623.3,2,592.0,14109.76,5490.18,1.1,5.0,TL,3.9,0.0,0.0,0.0
27,290,377,31449,60409,VND->LMD,376.0,0,0,0,0.0,0,0,0,0.0,31449,0.0,2179.0,376.0,1,376.0,4035.19,2708.18,1.5,6.0,LTL,4.5,2.0,828.56,1.0
27,291,377,1004,60441,VND->FC,230.2,31449,753,FC->LMD,322.8,0,0,0,0.0,31449,0.02,2179.0,553.0,2,376.0,4035.19,2708.18,2.0,6.0,LTL,4.0,0.0,0.0,0.0
27,292,377,1004,60441,VND->FC,230.2,31449,753,FC->LMD,322.8,0,0,0,0.0,31449,0.02,2179.0,553.0,2,376.0,4035.19,2708.18,1.0,6.0,TL,5.0,0.0,0.0,0.0
17,293,415,31334,66260,VND->LMD,236.2,0,0,0,0.0,0,0,0,0.0,31334,0.0,1616.0,236.2,1,236.2,2411.94,1039.63,1.5,5.0,LTL,3.5,1.0,582.72,1.0
17,294,415,1004,66407,VND->FC,3.0,31334,638,FC->LMD,233.3,0,0,0,0.0,31334,0.02,1616.0,236.3,2,236.2,2411.94,1039.63,2.0,5.0,LTL,3.0,0.0,0.0,0.0
17,295,415,1004,66407,VND->FC,3.0,31334,638,FC->LMD,233.3,0,0,0,0.0,31334,0.02,1616.0,236.3,2,236.2,2411.94,1039.63,0.4,5.0,TL,4.6,0.0,0.0,0.0
18,296,415,31346,66272,VND->LMD,134.7,0,0,0,0.0,0,0,0,0.0,31346,0.0,3897.0,134.7,1,134.7,5816.42,4653.14,1.0,4.0,LTL,3.0,3.0,897.32,1.0
18,297,415,1004,66407,VND->FC,3.0,31346,650,FC->LMD,135.9,0,0,0,0.0,31346,0.02,3897.0,138.9,2,134.7,5816.42,4653.14,1.5,4.0,LTL,2.5,0.0,0.0,0.0
18,298,415,1004,66407,VND->FC,3.0,31346,650,FC->LMD,135.9,0,0,0,0.0,31346,0.02,3897.0,138.9,2,134.7,5816.42,4653.14,0.3,4.0,TL,3.7,0.0,0.0,0.0
13,299,415,31365,66291,VND->LMD,675.1,0,0,0,0.0,0,0,0,0.0,31365,0.0,2321.0,675.1,1,675.1,2417.71,1918.82,2.5,9.0,LTL,6.5,2.0,1084.95,1.0
13,300,415,1004,66407,VND->FC,3.0,31365,669,FC->LMD,677.5,0,0,0,0.0,31365,0.02,2321.0,680.5,2,675.1,2417.71,1918.82,3.0,9.0,LTL,6.0,0.0,0.0,0.0
13,301,415,1003,66406,VND->FC,556.6,31365,511,FC->LMD,277.3,0,0,0,0.0,31365,0.02,2321.0,833.9000000000001,2,675.1,2417.71,1918.82,2.5,9.0,LTL,6.5,0.0,0.0,0.0
13,302,415,1004,66407,VND->FC,3.0,31365,669,FC->LMD,677.5,0,0,0,0.0,31365,0.02,2321.0,680.5,2,675.1,2417.71,1918.82,1.2,9.0,TL,7.8,0.0,0.0,0.0
13,303,415,1003,66406,VND->FC,556.6,31365,511,FC->LMD,277.3,0,0,0,0.0,31365,0.02,2321.0,833.9000000000001,2,675.1,2417.71,1918.82,1.5,9.0,TL,7.5,0.0,0.0,0.0
13,304,415,1004,66407,VND->FC,3.0,1003,627,FC->FC,559.5,31365,511,FC->LMD,277.3,31365,0.04,2321.0,839.8,3,675.1,2417.71,1918.82,3.0,9.0,LTL,6.0,0.0,0.0,0.0
13,305,415,1004,66407,VND->FC,3.0,1003,627,FC->FC,559.5,31365,511,FC->LMD,277.3,31365,0.04,2321.0,839.8,3,675.1,2417.71,1918.82,1.5,9.0,TL,7.5,0.0,0.0,0.0
20,306,415,31392,66318,VND->LMD,60.9,0,0,0,0.0,0,0,0,0.0,31392,0.0,2130.0,60.9,1,60.9,1717.74,1253.82,1.0,5.0,LTL,4.0,2.0,558.45,1.0
20,307,415,1004,66407,VND->FC,3.0,31392,696,FC->LMD,59.9,0,0,0,0.0,31392,0.02,2130.0,62.9,2,60.9,1717.74,1253.82,1.5,5.0,LTL,3.5,0.0,0.0,0.0
20,308,415,1004,66407,VND->FC,3.0,31392,696,FC->LMD,59.9,0,0,0,0.0,31392,0.02,2130.0,62.9,2,60.9,1717.74,1253.82,0.1,5.0,TL,4.9,0.0,0.0,0.0
14,309,415,31399,66325,VND->LMD,272.5,0,0,0,0.0,0,0,0,0.0,31399,0.0,2136.0,272.5,1,272.5,3955.56,1857.07,1.5,5.0,LTL,3.5,2.0,739.83,1.0
14,310,415,1004,66407,VND->FC,3.0,31399,703,FC->LMD,269.9,0,0,0,0.0,31399,0.02,2136.0,272.9,2,272.5,3955.56,1857.07,2.0,5.0,LTL,3.0,0.0,0.0,0.0
14,311,415,1004,66407,VND->FC,3.0,31399,703,FC->LMD,269.9,0,0,0,0.0,31399,0.02,2136.0,272.9,2,272.5,3955.56,1857.07,0.5,5.0,TL,4.5,0.0,0.0,0.0
15,312,415,31430,66356,VND->LMD,201.2,0,0,0,0.0,0,0,0,0.0,31430,0.0,490.0,201.2,1,201.2,1884.62,795.2,1.0,6.0,LTL,5.0,1.0,204.25,1.0
15,313,415,1004,66407,VND->FC,3.0,31430,734,FC->LMD,204.0,0,0,0,0.0,31430,0.02,490.0,207.0,2,201.2,1884.62,795.2,1.5,6.0,LTL,4.5,0.0,0.0,0.0
15,314,415,1004,66407,VND->FC,3.0,31430,734,FC->LMD,204.0,0,0,0,0.0,31430,0.02,490.0,207.0,2,201.2,1884.62,795.2,0.4,6.0,TL,5.6,0.0,0.0,0.0
21,315,415,31436,66362,VND->LMD,338.6,0,0,0,0.0,0,0,0,0.0,31436,0.0,5210.0,338.6,1,338.6,18607.14,9493.44,1.5,5.0,LTL,3.5,0.0,1180.08,1.0
21,316,415,1004,66407,VND->FC,3.0,31436,740,FC->LMD,339.7,0,0,0,0.0,31436,0.02,5210.0,342.7,2,338.6,18607.14,9493.44,2.0,5.0,LTL,3.0,0.0,0.0,0.0
21,317,415,1004,66407,VND->FC,3.0,31436,740,FC->LMD,339.7,0,0,0,0.0,31436,0.02,5210.0,342.7,2,338.6,18607.14,9493.44,0.6,5.0,TL,4.4,0.0,0.0,0.0
22,318,415,31446,66372,VND->LMD,396.1,0,0,0,0.0,0,0,0,0.0,31446,0.0,3965.0,396.1,1,396.1,6007.58,4806.06,1.5,5.0,LTL,3.5,3.0,1242.06,1.0
22,319,415,1004,66407,VND->FC,3.0,31446,750,FC->LMD,393.1,0,0,0,0.0,31446,0.02,3965.0,396.1,2,396.1,6007.58,4806.06,2.0,5.0,LTL,3.0,0.0,0.0,0.0
22,320,415,1004,66407,VND->FC,3.0,31446,750,FC->LMD,393.1,0,0,0,0.0,31446,0.02,3965.0,396.1,2,396.1,6007.58,4806.06,0.7,5.0,TL,4.3,0.0,0.0,0.0
16,321,415,31449,66375,VND->LMD,320.6,0,0,0,0.0,0,0,0,0.0,31449,0.0,737.0,320.6,1,320.6,1270.69,789.25,1.5,6.0,LTL,4.5,1.0,324.36,1.0
16,322,415,1004,66407,VND->FC,3.0,31449,753,FC->LMD,322.8,0,0,0,0.0,31449,0.02,737.0,325.8,2,320.6,1270.69,789.25,2.0,6.0,LTL,4.0,0.0,0.0,0.0
16,323,415,1004,66407,VND->FC,3.0,31449,753,FC->LMD,322.8,0,0,0,0.0,31449,0.02,737.0,325.8,2,320.6,1270.69,789.25,0.6,6.0,TL,5.4,0.0,0.0,0.0
100,324,470,31337,74898,VND->LMD,151.4,0,0,0,0.0,0,0,0,0.0,31337,0.0,1927.0,151.4,1,151.4,4941.03,3504.28,1.0,5.0,LTL,4.0,1.0,614.51,1.0
100,325,470,1003,75041,VND->FC,79.3,31337,483,FC->LMD,148.8,0,0,0,0.0,31337,0.02,1927.0,228.1,2,151.4,4941.03,3504.28,1.5,5.0,LTL,3.5,0.0,0.0,0.0
100,326,470,1003,75041,VND->FC,79.3,31337,483,FC->LMD,148.8,0,0,0,0.0,31337,0.02,1927.0,228.1,2,151.4,4941.03,3504.28,0.4,5.0,TL,4.6,0.0,0.0,0.0
106,327,470,31346,74907,VND->LMD,480.1,0,0,0,0.0,0,0,0,0.0,31346,0.0,6675.0,480.1,1,480.1,16687.5,9427.97,1.5,8.0,LTL,6.5,0.0,1359.72,1.0
106,328,470,1003,75041,VND->FC,79.3,31346,492,FC->LMD,538.2,0,0,0,0.0,31346,0.02,6675.0,617.5,2,480.1,16687.5,9427.97,2.0,8.0,LTL,6.0,0.0,0.0,0.0
106,329,470,1004,75042,VND->FC,517.0,31346,650,FC->LMD,135.9,0,0,0,0.0,31346,0.02,6675.0,652.9,2,480.1,16687.5,9427.97,1.9,8.0,LTL,6.1,0.0,0.0,0.0
106,330,470,1003,75041,VND->FC,79.3,31346,492,FC->LMD,538.2,0,0,0,0.0,31346,0.02,6675.0,617.5,2,480.1,16687.5,9427.97,1.1,8.0,TL,6.9,0.0,0.0,0.0
106,331,470,1004,75042,VND->FC,517.0,31346,650,FC->LMD,135.9,0,0,0,0.0,31346,0.02,6675.0,652.9,2,480.1,16687.5,9427.97,1.2,8.0,TL,6.8,0.0,0.0,0.0
106,332,470,1003,75041,VND->FC,79.3,1004,470,FC->FC,559.5,31346,650,FC->LMD,135.9,31346,0.04,6675.0,774.6999999999999,3,480.1,16687.5,9427.97,2.5,8.0,LTL,5.5,0.0,0.0,0.0
106,333,470,1003,75041,VND->FC,79.3,1004,470,FC->FC,559.5,31346,650,FC->LMD,135.9,31346,0.04,6675.0,774.6999999999999,3,480.1,16687.5,9427.97,1.4,8.0,TL,6.6,0.0,0.0,0.0
107,334,470,31349,74910,VND->LMD,65.6,0,0,0,0.0,0,0,0,0.0,31349,0.0,5050.0,65.6,1,65.6,5611.11,2723.84,1.0,5.0,LTL,4.0,0.0,833.36,1.0
107,335,470,1003,75041,VND->FC,79.3,31349,495,FC->LMD,13.9,0,0,0,0.0,31349,0.02,5050.0,93.2,2,65.6,5611.11,2723.84,1.5,5.0,LTL,3.5,0.0,0.0,0.0
107,336,470,1003,75041,VND->FC,79.3,31349,495,FC->LMD,13.9,0,0,0,0.0,31349,0.02,5050.0,93.2,2,65.6,5611.11,2723.84,0.2,5.0,TL,4.8,0.0,0.0,0.0
101,337,470,31365,74926,VND->LMD,351.6,0,0,0,0.0,0,0,0,0.0,31365,0.0,1217.0,351.6,1,351.6,3477.14,2466.06,1.5,5.0,LTL,3.5,1.0,514.89,1.0
101,338,470,1003,75041,VND->FC,79.3,31365,511,FC->LMD,277.3,0,0,0,0.0,31365,0.02,1217.0,356.6,2,351.6,3477.14,2466.06,2.0,5.0,LTL,3.0,0.0,0.0,0.0
101,339,470,1003,75041,VND->FC,79.3,31365,511,FC->LMD,277.3,0,0,0,0.0,31365,0.02,1217.0,356.6,2,351.6,3477.14,2466.06,0.6,5.0,TL,4.4,0.0,0.0,0.0
103,340,470,31430,74991,VND->LMD,326.4,0,0,0,0.0,0,0,0,0.0,31430,0.0,2179.0,326.4,1,326.4,1715.75,736.37,1.5,7.0,LTL,5.5,2.0,786.06,1.0
103,341,470,1003,75041,VND->FC,79.3,31430,576,FC->LMD,359.7,0,0,0,0.0,31430,0.02,2179.0,439.0,2,326.4,1715.75,736.37,2.0,7.0,LTL,5.0,0.0,0.0,0.0
103,342,470,1004,75042,VND->FC,517.0,31430,734,FC->LMD,204.0,0,0,0,0.0,31430,0.02,2179.0,721.0,2,326.4,1715.75,736.37,1.9,7.0,LTL,5.1,0.0,0.0,0.0
103,343,470,1003,75041,VND->FC,79.3,31430,576,FC->LMD,359.7,0,0,0,0.0,31430,0.02,2179.0,439.0,2,326.4,1715.75,736.37,0.8,7.0,TL,6.2,0.0,0.0,0.0
103,344,470,1004,75042,VND->FC,517.0,31430,734,FC->LMD,204.0,0,0,0,0.0,31430,0.02,2179.0,721.0,2,326.4,1715.75,736.37,1.3,7.0,TL,5.7,0.0,0.0,0.0
103,345,470,1003,75041,VND->FC,79.3,1004,470,FC->FC,559.5,31430,734,FC->LMD,204.0,31430,0.04,2179.0,842.8,3,326.4,1715.75,736.37,2.5,7.0,LTL,4.5,0.0,0.0,0.0
103,346,470,1003,75041,VND->FC,79.3,1004,470,FC->FC,559.5,31430,734,FC->LMD,204.0,31430,0.04,2179.0,842.8,3,326.4,1715.75,736.37,1.5,7.0,TL,5.5,0.0,0.0,0.0
109,347,470,31436,74997,VND->LMD,523.9,0,0,0,0.0,0,0,0,0.0,31436,0.0,4988.0,523.9,1,523.9,3722.39,1334.19,1.5,9.0,LTL,7.5,0.0,1415.35,1.0
109,348,470,1003,75041,VND->FC,79.3,31436,582,FC->LMD,597.7,0,0,0,0.0,31436,0.02,4988.0,677.0,2,523.9,3722.39,1334.19,2.0,9.0,LTL,7.0,0.0,0.0,0.0
109,349,470,1004,75042,VND->FC,517.0,31436,740,FC->LMD,339.7,0,0,0,0.0,31436,0.02,4988.0,856.7,2,523.9,3722.39,1334.19,2.4,9.0,LTL,6.6,0.0,0.0,0.0
109,350,470,1003,75041,VND->FC,79.3,31436,582,FC->LMD,597.7,0,0,0,0.0,31436,0.02,4988.0,677.0,2,523.9,3722.39,1334.19,1.2,9.0,TL,7.8,0.0,0.0,0.0
109,351,470,1004,75042,VND->FC,517.0,31436,740,FC->LMD,339.7,0,0,0,0.0,31436,0.02,4988.0,856.7,2,523.9,3722.39,1334.19,1.6,9.0,TL,7.4,0.0,0.0,0.0
109,352,470,1003,75041,VND->FC,79.3,1004,470,FC->FC,559.5,31436,740,FC->LMD,339.7,31436,0.04,4988.0,978.5,3,523.9,3722.39,1334.19,3.0,9.0,LTL,6.0,0.0,0.0,0.0
109,353,470,1003,75041,VND->FC,79.3,1004,470,FC->FC,559.5,31436,740,FC->LMD,339.7,31436,0.04,4988.0,978.5,3,523.9,3722.39,1334.19,1.8,9.0,TL,7.2,0.0,0.0,0.0
110,354,470,31446,75007,VND->LMD,908.5,0,0,0,0.0,0,0,0,0.0,31446,0.0,5427.0,908.5,1,908.5,15961.76,8020.98,2.5,8.0,LTL,5.5,0.0,1903.81,1.0
110,355,470,1003,75041,VND->FC,79.3,31446,592,FC->LMD,945.8,0,0,0,0.0,31446,0.02,5427.0,1025.1,2,908.5,15961.76,8020.98,3.0,8.0,LTL,5.0,0.0,0.0,0.0
110,356,470,1004,75042,VND->FC,517.0,31446,750,FC->LMD,393.1,0,0,0,0.0,31446,0.02,5427.0,910.1,2,908.5,15961.76,8020.98,2.4,8.0,LTL,5.6,0.0,0.0,0.0
110,357,470,1003,75041,VND->FC,79.3,31446,592,FC->LMD,945.8,0,0,0,0.0,31446,0.02,5427.0,1025.1,2,908.5,15961.76,8020.98,1.9,8.0,TL,6.1,0.0,0.0,0.0
110,358,470,1004,75042,VND->FC,517.0,31446,750,FC->LMD,393.1,0,0,0,0.0,31446,0.02,5427.0,910.1,2,908.5,15961.76,8020.98,1.7,8.0,TL,6.3,0.0,0.0,0.0
110,359,470,1003,75041,VND->FC,79.3,1004,470,FC->FC,559.5,31446,750,FC->LMD,393.1,31446,0.04,5427.0,1031.9,3,908.5,15961.76,8020.98,3.0,8.0,LTL,5.0,0.0,0.0,0.0
110,360,470,1003,75041,VND->FC,79.3,1004,470,FC->FC,559.5,31446,750,FC->LMD,393.1,31446,0.04,5427.0,1031.9,3,908.5,15961.76,8020.98,1.9,8.0,TL,6.1,0.0,0.0,0.0
104,361,470,31449,75010,VND->LMD,336.3,0,0,0,0.0,0,0,0,0.0,31449,0.0,2075.0,336.3,1,336.3,3097.01,1692.36,1.5,8.0,LTL,6.5,2.0,794.52,1.0
104,362,470,1003,75041,VND->FC,79.3,31449,595,FC->LMD,333.7,0,0,0,0.0,31449,0.02,2075.0,413.0,2,336.3,3097.01,1692.36,2.0,8.0,LTL,6.0,0.0,0.0,0.0
104,363,470,1004,75042,VND->FC,517.0,31449,753,FC->LMD,322.8,0,0,0,0.0,31449,0.02,2075.0,839.8,2,336.3,3097.01,1692.36,2.4,8.0,LTL,5.6,0.0,0.0,0.0
104,364,470,1003,75041,VND->FC,79.3,31449,595,FC->LMD,333.7,0,0,0,0.0,31449,0.02,2075.0,413.0,2,336.3,3097.01,1692.36,0.8,8.0,TL,7.2,0.0,0.0,0.0
104,365,470,1004,75042,VND->FC,517.0,31449,753,FC->LMD,322.8,0,0,0,0.0,31449,0.02,2075.0,839.8,2,336.3,3097.01,1692.36,1.5,8.0,TL,6.5,0.0,0.0,0.0
104,366,470,1003,75041,VND->FC,79.3,1004,470,FC->FC,559.5,31449,753,FC->LMD,322.8,31449,0.04,2075.0,961.6,3,336.3,3097.01,1692.36,3.0,8.0,LTL,5.0,0.0,0.0,0.0
104,367,470,1003,75041,VND->FC,79.3,1004,470,FC->FC,559.5,31449,753,FC->LMD,322.8,31449,0.04,2075.0,961.6,3,336.3,3097.01,1692.36,1.7,8.0,TL,6.3,0.0,0.0,0.0
119,368,487,31392,77622,VND->LMD,796.0,0,0,0,0.0,0,0,0,0.0,31392,0.0,4799.0,796.0,1,796.0,5453.41,3246.08,2.5,9.0,LTL,6.5,0.0,1760.95,1.0
119,369,487,1003,77710,VND->FC,385.5,31392,538,FC->LMD,570.4,0,0,0,0.0,31392,0.02,4799.0,955.9,2,796.0,5453.41,3246.08,2.2,9.0,LTL,6.8,0.0,0.0,0.0
119,370,487,1004,77711,VND->FC,758.6,31392,696,FC->LMD,59.9,0,0,0,0.0,31392,0.02,4799.0,818.5,2,796.0,5453.41,3246.08,2.4,9.0,LTL,6.6,0.0,0.0,0.0
119,371,487,1003,77710,VND->FC,385.5,31392,538,FC->LMD,570.4,0,0,0,0.0,31392,0.02,4799.0,955.9,2,796.0,5453.41,3246.08,1.7,9.0,TL,7.3,0.0,0.0,0.0
119,372,487,1004,77711,VND->FC,758.6,31392,696,FC->LMD,59.9,0,0,0,0.0,31392,0.02,4799.0,818.5,2,796.0,5453.41,3246.08,1.5,9.0,TL,7.5,0.0,0.0,0.0
119,373,487,1003,77710,VND->FC,385.5,1004,470,FC->FC,559.5,31392,696,FC->LMD,59.9,31392,0.04,4799.0,1004.9,3,796.0,5453.41,3246.08,2.7,9.0,LTL,6.3,0.0,0.0,0.0
119,374,487,1003,77710,VND->FC,385.5,1004,470,FC->FC,559.5,31392,696,FC->LMD,59.9,31392,0.04,4799.0,1004.9,3,796.0,5453.41,3246.08,1.8,9.0,TL,7.2,0.0,0.0,0.0
113,375,487,31399,77629,VND->LMD,949.4,0,0,0,0.0,0,0,0,0.0,31399,0.0,1670.0,949.4,1,949.4,2530.3,1874.3,2.5,8.0,LTL,5.5,1.0,1118.41,1.0
113,376,487,1003,77710,VND->FC,385.5,31399,545,FC->LMD,815.7,0,0,0,0.0,31399,0.02,1670.0,1201.2,2,949.4,2530.3,1874.3,3.2,8.0,LTL,4.8,0.0,0.0,0.0
113,377,487,1004,77711,VND->FC,758.6,31399,703,FC->LMD,269.9,0,0,0,0.0,31399,0.02,1670.0,1028.5,2,949.4,2530.3,1874.3,2.9,8.0,LTL,5.1,0.0,0.0,0.0
113,378,487,1003,77710,VND->FC,385.5,31399,545,FC->LMD,815.7,0,0,0,0.0,31399,0.02,1670.0,1201.2,2,949.4,2530.3,1874.3,2.2,8.0,TL,5.8,0.0,0.0,0.0
113,379,487,1004,77711,VND->FC,758.6,31399,703,FC->LMD,269.9,0,0,0,0.0,31399,0.02,1670.0,1028.5,2,949.4,2530.3,1874.3,1.9,8.0,TL,6.1,0.0,0.0,0.0
113,380,487,1003,77710,VND->FC,385.5,1004,470,FC->FC,559.5,31399,703,FC->LMD,269.9,31399,0.04,1670.0,1214.9,3,949.4,2530.3,1874.3,3.2,8.0,LTL,4.8,0.0,0.0,0.0
113,381,487,1003,77710,VND->FC,385.5,1004,470,FC->FC,559.5,31399,703,FC->LMD,269.9,31399,0.04,1670.0,1214.9,3,949.4,2530.3,1874.3,2.2,8.0,TL,5.8,0.0,0.0,0.0
121,382,487,31446,77676,VND->LMD,1142.1,0,0,0,0.0,0,0,0,0.0,31446,0.0,3187.0,1142.1,1,1142.1,3621.59,2605.46,3.5,9.0,LTL,5.5,3.0,1753.21,1.0
121,383,487,1003,77710,VND->FC,385.5,31446,592,FC->LMD,945.8,0,0,0,0.0,31446,0.02,3187.0,1331.3,2,1142.1,3621.59,2605.46,3.2,9.0,LTL,5.8,0.0,0.0,0.0
121,384,487,1004,77711,VND->FC,758.6,31446,750,FC->LMD,393.1,0,0,0,0.0,31446,0.02,3187.0,1151.7,2,1142.1,3621.59,2605.46,2.9,9.0,LTL,6.1,0.0,0.0,0.0
121,385,487,1003,77710,VND->FC,385.5,31446,592,FC->LMD,945.8,0,0,0,0.0,31446,0.02,3187.0,1331.3,2,1142.1,3621.59,2605.46,2.4,9.0,TL,6.6,0.0,0.0,0.0
121,386,487,1004,77711,VND->FC,758.6,31446,750,FC->LMD,393.1,0,0,0,0.0,31446,0.02,3187.0,1151.7,2,1142.1,3621.59,2605.46,2.1,9.0,TL,6.9,0.0,0.0,0.0
121,387,487,1003,77710,VND->FC,385.5,1004,470,FC->FC,559.5,31446,750,FC->LMD,393.1,31446,0.04,3187.0,1338.1,3,1142.1,3621.59,2605.46,3.2,9.0,LTL,5.8,0.0,0.0,0.0
121,388,487,1003,77710,VND->FC,385.5,1004,470,FC->FC,559.5,31446,750,FC->LMD,393.1,31446,0.04,3187.0,1338.1,3,1142.1,3621.59,2605.46,2.4,9.0,TL,6.6,0.0,0.0,0.0
72,389,488,31334,77721,VND->LMD,89.1,0,0,0,0.0,0,0,0,0.0,31334,0.0,5059.0,89.1,1,89.1,11497.73,5501.31,1.0,6.0,LTL,5.0,0.0,863.21,1.0
72,390,488,1004,77868,VND->FC,150.7,31334,638,FC->LMD,233.3,0,0,0,0.0,31334,0.02,5059.0,384.0,2,89.1,11497.73,5501.31,2.0,6.0,LTL,4.0,0.0,0.0,0.0
72,391,488,1004,77868,VND->FC,150.7,31334,638,FC->LMD,233.3,0,0,0,0.0,31334,0.02,5059.0,384.0,2,89.1,11497.73,5501.31,0.7,6.0,TL,5.3,0.0,0.0,0.0
73,392,488,31346,77733,VND->LMD,249.6,0,0,0,0.0,0,0,0,0.0,31346,0.0,2484.0,249.6,1,249.6,2141.38,1338.36,1.5,5.0,LTL,3.5,2.0,720.22,1.0
73,393,488,1004,77868,VND->FC,150.7,31346,650,FC->LMD,135.9,0,0,0,0.0,31346,0.02,2484.0,286.6,2,249.6,2141.38,1338.36,1.5,5.0,LTL,3.5,0.0,0.0,0.0
73,394,488,1004,77868,VND->FC,150.7,31346,650,FC->LMD,135.9,0,0,0,0.0,31346,0.02,2484.0,286.6,2,249.6,2141.38,1338.36,0.5,5.0,TL,4.5,0.0,0.0,0.0
74,395,488,31349,77736,VND->LMD,696.6,0,0,0,0.0,0,0,0,0.0,31349,0.0,6800.0,696.6,1,696.6,20606.06,14113.74,2.5,7.0,LTL,4.5,0.0,1634.67,1.0
74,396,488,1004,77868,VND->FC,150.7,31349,653,FC->LMD,549.5,0,0,0,0.0,31349,0.02,6800.0,700.2,2,696.6,20606.06,14113.74,2.0,7.0,LTL,5.0,0.0,0.0,0.0
74,397,488,1003,77867,VND->FC,706.1,31349,495,FC->LMD,13.9,0,0,0,0.0,31349,0.02,6800.0,720.0,2,696.6,20606.06,14113.74,2.3,7.0,LTL,4.7,0.0,0.0,0.0
74,398,488,1004,77868,VND->FC,150.7,31349,653,FC->LMD,549.5,0,0,0,0.0,31349,0.02,6800.0,700.2,2,696.6,20606.06,14113.74,1.3,7.0,TL,5.7,0.0,0.0,0.0
74,399,488,1003,77867,VND->FC,706.1,31349,495,FC->LMD,13.9,0,0,0,0.0,31349,0.02,6800.0,720.0,2,696.6,20606.06,14113.74,1.3,7.0,TL,5.7,0.0,0.0,0.0
74,400,488,1004,77868,VND->FC,150.7,1003,627,FC->FC,559.5,31349,495,FC->LMD,13.9,31349,0.04,6800.0,724.1,3,696.6,20606.06,14113.74,2.5,7.0,LTL,4.5,0.0,0.0,0.0
74,401,488,1004,77868,VND->FC,150.7,1003,627,FC->FC,559.5,31349,495,FC->LMD,13.9,31349,0.04,6800.0,724.1,3,696.6,20606.06,14113.74,1.3,7.0,TL,5.7,0.0,0.0,0.0
68,402,488,31365,77752,VND->LMD,800.7,0,0,0,0.0,0,0,0,0.0,31365,0.0,2312.0,800.7,1,800.7,7225.0,3905.41,2.5,8.0,LTL,5.5,2.0,1192.65,1.0
68,403,488,1004,77868,VND->FC,150.7,31365,669,FC->LMD,677.5,0,0,0,0.0,31365,0.02,2312.0,828.2,2,800.7,7225.0,3905.41,3.0,8.0,LTL,5.0,0.0,0.0,0.0
68,404,488,1003,77867,VND->FC,706.1,31365,511,FC->LMD,277.3,0,0,0,0.0,31365,0.02,2312.0,983.4,2,800.7,7225.0,3905.41,2.8,8.0,LTL,5.2,0.0,0.0,0.0
68,405,488,1004,77868,VND->FC,150.7,31365,669,FC->LMD,677.5,0,0,0,0.0,31365,0.02,2312.0,828.2,2,800.7,7225.0,3905.41,1.5,8.0,TL,6.5,0.0,0.0,0.0
68,406,488,1003,77867,VND->FC,706.1,31365,511,FC->LMD,277.3,0,0,0,0.0,31365,0.02,2312.0,983.4,2,800.7,7225.0,3905.41,1.8,8.0,TL,6.2,0.0,0.0,0.0
68,407,488,1004,77868,VND->FC,150.7,1003,627,FC->FC,559.5,31365,511,FC->LMD,277.3,31365,0.04,2312.0,987.5,3,800.7,7225.0,3905.41,3.0,8.0,LTL,5.0,0.0,0.0,0.0
68,408,488,1004,77868,VND->FC,150.7,1003,627,FC->FC,559.5,31365,511,FC->LMD,277.3,31365,0.04,2312.0,987.5,3,800.7,7225.0,3905.41,1.8,8.0,TL,6.2,0.0,0.0,0.0
75,409,488,31392,77779,VND->LMD,139.2,0,0,0,0.0,0,0,0,0.0,31392,0.0,3397.0,139.2,1,139.2,11713.79,8550.21,1.0,6.0,LTL,5.0,3.0,787.08,1.0
75,410,488,1004,77868,VND->FC,150.7,31392,696,FC->LMD,59.9,0,0,0,0.0,31392,0.02,3397.0,210.6,2,139.2,11713.79,8550.21,1.5,6.0,LTL,4.5,0.0,0.0,0.0
75,411,488,1004,77868,VND->FC,150.7,31392,696,FC->LMD,59.9,0,0,0,0.0,31392,0.02,3397.0,210.6,2,139.2,11713.79,8550.21,0.4,6.0,TL,5.6,0.0,0.0,0.0
70,412,488,31430,77817,VND->LMD,346.9,0,0,0,0.0,0,0,0,0.0,31430,0.0,3703.0,346.9,1,346.9,12768.97,10134.1,1.5,5.0,LTL,3.5,3.0,1102.17,1.0
70,413,488,1004,77868,VND->FC,150.7,31430,734,FC->LMD,204.0,0,0,0,0.0,31430,0.02,3703.0,354.7,2,346.9,12768.97,10134.1,1.5,5.0,LTL,3.5,0.0,0.0,0.0
70,414,488,1004,77868,VND->FC,150.7,31430,734,FC->LMD,204.0,0,0,0,0.0,31430,0.02,3703.0,354.7,2,346.9,12768.97,10134.1,0.6,5.0,TL,4.4,0.0,0.0,0.0
76,415,488,31436,77823,VND->LMD,427.2,0,0,0,0.0,0,0,0,0.0,31436,0.0,2809.0,427.2,1,427.2,2866.33,912.84,1.5,6.0,LTL,4.5,3.0,907.72,1.0
76,416,488,1004,77868,VND->FC,150.7,31436,740,FC->LMD,339.7,0,0,0,0.0,31436,0.02,2809.0,490.4,2,427.2,2866.33,912.84,2.0,6.0,LTL,4.0,0.0,0.0,0.0
76,417,488,1004,77868,VND->FC,150.7,31436,740,FC->LMD,339.7,0,0,0,0.0,31436,0.02,2809.0,490.4,2,427.2,2866.33,912.84,0.9,6.0,TL,5.1,0.0,0.0,0.0
84,418,515,31346,81972,VND->LMD,479.6,0,0,0,0.0,0,0,0,0.0,31346,0.0,2707.0,479.6,1,479.6,3658.11,2244.24,1.5,6.0,LTL,4.5,3.0,919.74,1.0
84,419,515,1003,82106,VND->FC,245.0,31346,492,FC->LMD,538.2,0,0,0,0.0,31346,0.02,2707.0,783.2,2,479.6,3658.11,2244.24,2.0,6.0,LTL,4.0,0.0,0.0,0.0
84,420,515,1004,82107,VND->FC,439.3,31346,650,FC->LMD,135.9,0,0,0,0.0,31346,0.02,2707.0,575.2,2,479.6,3658.11,2244.24,1.8,6.0,LTL,4.2,0.0,0.0,0.0
84,421,515,1003,82106,VND->FC,245.0,31346,492,FC->LMD,538.2,0,0,0,0.0,31346,0.02,2707.0,783.2,2,479.6,3658.11,2244.24,1.4,6.0,TL,4.6,0.0,0.0,0.0
84,422,515,1004,82107,VND->FC,439.3,31346,650,FC->LMD,135.9,0,0,0,0.0,31346,0.02,2707.0,575.2,2,479.6,3658.11,2244.24,1.0,6.0,TL,5.0,0.0,0.0,0.0
84,423,515,1003,82106,VND->FC,245.0,1004,470,FC->FC,559.5,31346,650,FC->LMD,135.9,31346,0.04,2707.0,940.4,3,479.6,3658.11,2244.24,2.5,6.0,LTL,3.5,0.0,0.0,0.0
84,424,515,1003,82106,VND->FC,245.0,1004,470,FC->FC,559.5,31346,650,FC->LMD,135.9,31346,0.04,2707.0,940.4,3,479.6,3658.11,2244.24,1.7,6.0,TL,4.3,0.0,0.0,0.0
85,425,515,31349,81975,VND->LMD,245.9,0,0,0,0.0,0,0,0,0.0,31349,0.0,1809.0,245.9,1,245.9,5835.48,3670.11,1.5,5.0,LTL,3.5,1.0,653.67,1.0
85,426,515,1003,82106,VND->FC,245.0,31349,495,FC->LMD,13.9,0,0,0,0.0,31349,0.02,1809.0,258.9,2,245.9,5835.48,3670.11,1.5,5.0,LTL,3.5,0.0,0.0,0.0
85,427,515,1003,82106,VND->FC,245.0,31349,495,FC->LMD,13.9,0,0,0,0.0,31349,0.02,1809.0,258.9,2,245.9,5835.48,3670.11,0.5,5.0,TL,4.5,0.0,0.0,0.0
79,428,515,31365,81991,VND->LMD,238.6,0,0,0,0.0,0,0,0,0.0,31365,0.0,816.0,238.6,1,238.6,2550.0,1564.42,1.5,5.0,LTL,3.5,1.0,321.17,1.0
79,429,515,1003,82106,VND->FC,245.0,31365,511,FC->LMD,277.3,0,0,0,0.0,31365,0.02,816.0,522.3,2,238.6,2550.0,1564.42,2.0,5.0,LTL,3.0,0.0,0.0,0.0
79,430,515,1003,82106,VND->FC,245.0,31365,511,FC->LMD,277.3,0,0,0,0.0,31365,0.02,816.0,522.3,2,238.6,2550.0,1564.42,0.9,5.0,TL,4.1,0.0,0.0,0.0
81,431,515,31430,82056,VND->LMD,248.9,0,0,0,0.0,0,0,0,0.0,31430,0.0,1423.0,248.9,1,248.9,6186.96,4833.56,1.5,8.0,LTL,6.5,1.0,527.41,1.0
81,432,515,1003,82106,VND->FC,245.0,31430,576,FC->LMD,359.7,0,0,0,0.0,31430,0.02,1423.0,604.7,2,248.9,6186.96,4833.56,2.0,8.0,LTL,6.0,0.0,0.0,0.0
81,433,515,1004,82107,VND->FC,439.3,31430,734,FC->LMD,204.0,0,0,0,0.0,31430,0.02,1423.0,643.3,2,248.9,6186.96,4833.56,1.8,8.0,LTL,6.2,0.0,0.0,0.0
81,434,515,1003,82106,VND->FC,245.0,31430,576,FC->LMD,359.7,0,0,0,0.0,31430,0.02,1423.0,604.7,2,248.9,6186.96,4833.56,1.1,8.0,TL,6.9,0.0,0.0,0.0
81,435,515,1004,82107,VND->FC,439.3,31430,734,FC->LMD,204.0,0,0,0,0.0,31430,0.02,1423.0,643.3,2,248.9,6186.96,4833.56,1.2,8.0,TL,6.8,0.0,0.0,0.0
81,436,515,1003,82106,VND->FC,245.0,1004,470,FC->FC,559.5,31430,734,FC->LMD,204.0,31430,0.04,1423.0,1008.5,3,248.9,6186.96,4833.56,2.5,8.0,LTL,5.5,0.0,0.0,0.0
81,437,515,1003,82106,VND->FC,245.0,1004,470,FC->FC,559.5,31430,734,FC->LMD,204.0,31430,0.04,1423.0,1008.5,3,248.9,6186.96,4833.56,1.8,8.0,TL,6.2,0.0,0.0,0.0
88,438,515,31446,82072,VND->LMD,785.0,0,0,0,0.0,0,0,0,0.0,31446,0.0,4800.0,785.0,1,785.0,16000.0,8163.27,2.5,8.0,LTL,5.5,0.0,1746.96,1.0
88,439,515,1003,82106,VND->FC,245.0,31446,592,FC->LMD,945.8,0,0,0,0.0,31446,0.02,4800.0,1190.8,2,785.0,16000.0,8163.27,3.0,8.0,LTL,5.0,0.0,0.0,0.0
88,440,515,1004,82107,VND->FC,439.3,31446,750,FC->LMD,393.1,0,0,0,0.0,31446,0.02,4800.0,832.4000000000001,2,785.0,16000.0,8163.27,2.3,8.0,LTL,5.7,0.0,0.0,0.0
88,441,515,1003,82106,VND->FC,245.0,31446,592,FC->LMD,945.8,0,0,0,0.0,31446,0.02,4800.0,1190.8,2,785.0,16000.0,8163.27,2.2,8.0,TL,5.8,0.0,0.0,0.0
88,442,515,1004,82107,VND->FC,439.3,31446,750,FC->LMD,393.1,0,0,0,0.0,31446,0.02,4800.0,832.4000000000001,2,785.0,16000.0,8163.27,1.5,8.0,TL,6.5,0.0,0.0,0.0
88,443,515,1003,82106,VND->FC,245.0,1004,470,FC->FC,559.5,31446,750,FC->LMD,393.1,31446,0.04,4800.0,1197.6,3,785.0,16000.0,8163.27,3.0,8.0,LTL,5.0,0.0,0.0,0.0
88,444,515,1003,82106,VND->FC,245.0,1004,470,FC->FC,559.5,31446,750,FC->LMD,393.1,31446,0.04,4800.0,1197.6,3,785.0,16000.0,8163.27,2.2,8.0,TL,5.8,0.0,0.0,0.0
82,445,515,31449,82075,VND->LMD,125.8,0,0,0,0.0,0,0,0,0.0,31449,0.0,2167.0,125.8,1,125.8,7739.29,3756.94,1.0,7.0,LTL,6.0,2.0,614.12,1.0
82,446,515,1003,82106,VND->FC,245.0,31449,595,FC->LMD,333.7,0,0,0,0.0,31449,0.02,2167.0,578.7,2,125.8,7739.29,3756.94,2.0,7.0,LTL,5.0,0.0,0.0,0.0
82,447,515,1004,82107,VND->FC,439.3,31449,753,FC->LMD,322.8,0,0,0,0.0,31449,0.02,2167.0,762.1,2,125.8,7739.29,3756.94,2.3,7.0,LTL,4.7,0.0,0.0,0.0
82,448,515,1003,82106,VND->FC,245.0,31449,595,FC->LMD,333.7,0,0,0,0.0,31449,0.02,2167.0,578.7,2,125.8,7739.29,3756.94,1.1,7.0,TL,5.9,0.0,0.0,0.0
82,449,515,1004,82107,VND->FC,439.3,31449,753,FC->LMD,322.8,0,0,0,0.0,31449,0.02,2167.0,762.1,2,125.8,7739.29,3756.94,1.4,7.0,TL,5.6,0.0,0.0,0.0
82,450,515,1003,82106,VND->FC,245.0,1004,470,FC->FC,559.5,31449,753,FC->LMD,322.8,31449,0.04,2167.0,1127.3,3,125.8,7739.29,3756.94,3.0,7.0,LTL,4.0,0.0,0.0,0.0
82,451,515,1003,82106,VND->FC,245.0,1004,470,FC->FC,559.5,31449,753,FC->LMD,322.8,31449,0.04,2167.0,1127.3,3,125.8,7739.29,3756.94,2.0,7.0,TL,5.0,0.0,0.0,0.0
167,452,1003,31334,480,FC->LMD,776.8,0,0,0,0.0,0,0,0,0.0,31334,0.0,636.0,776.8,1,776.8,2193.1,1142.24,2.5,6.0,LTL,3.5,0.0,0.0,0.0
167,453,1003,31334,480,FC->LMD,776.8,0,0,0,0.0,0,0,0,0.0,31334,0.0,636.0,776.8,1,776.8,2193.1,1142.24,1.4,6.0,TL,4.6,0.0,0.0,0.0
167,454,1003,1004,470,FC->FC,559.5,31334,638,FC->LMD,233.3,0,0,0,0.0,31334,0.02,636.0,792.8,2,776.8,2193.1,1142.24,2.5,6.0,LTL,3.5,0.0,0.0,0.0
168,455,1003,31337,483,FC->LMD,148.8,0,0,0,0.0,0,0,0,0.0,31337,0.0,702.0,148.8,1,148.8,2064.71,1053.42,1.0,7.0,LTL,6.0,0.0,0.0,0.0
168,456,1003,31337,483,FC->LMD,148.8,0,0,0,0.0,0,0,0,0.0,31337,0.0,702.0,148.8,1,148.8,2064.71,1053.42,0.3,7.0,TL,6.7,0.0,0.0,0.0
168,457,1003,1004,470,FC->FC,559.5,31337,641,FC->LMD,665.8,0,0,0,0.0,31337,0.02,702.0,1225.3,2,148.8,2064.71,1053.42,3.5,7.0,LTL,3.5,0.0,0.0,0.0
171,458,1003,31346,492,FC->LMD,538.2,0,0,0,0.0,0,0,0,0.0,31346,0.0,703.0,538.2,1,538.2,889.87,411.98,1.5,5.0,LTL,3.5,0.0,0.0,0.0
171,459,1003,31346,492,FC->LMD,538.2,0,0,0,0.0,0,0,0,0.0,31346,0.0,703.0,538.2,1,538.2,889.87,411.98,1.0,5.0,TL,4.0,0.0,0.0,0.0
171,460,1003,1004,470,FC->FC,559.5,31346,650,FC->LMD,135.9,0,0,0,0.0,31346,0.02,703.0,695.4,2,538.2,889.87,411.98,2.0,5.0,LTL,3.0,0.0,0.0,0.0
172,461,1003,31349,495,FC->LMD,13.9,0,0,0,0.0,0,0,0,0.0,31349,0.0,6331.0,13.9,1,13.9,9044.29,4836.52,1.0,6.0,LTL,5.0,0.0,0.0,0.0
172,462,1003,31349,495,FC->LMD,13.9,0,0,0,0.0,0,0,0,0.0,31349,0.0,6331.0,13.9,1,13.9,9044.29,4836.52,0.0,6.0,TL,6.0,0.0,0.0,0.0
172,463,1003,1004,470,FC->FC,559.5,31349,653,FC->LMD,549.5,0,0,0,0.0,31349,0.02,6331.0,1109.0,2,13.9,9044.29,4836.52,2.5,6.0,LTL,3.5,0.0,0.0,0.0
174,464,1003,31365,511,FC->LMD,277.3,0,0,0,0.0,0,0,0,0.0,31365,0.0,950.0,277.3,1,277.3,1938.78,1182.18,1.5,7.0,LTL,5.5,0.0,0.0,0.0
174,465,1003,31365,511,FC->LMD,277.3,0,0,0,0.0,0,0,0,0.0,31365,0.0,950.0,277.3,1,277.3,1938.78,1182.18,0.5,7.0,TL,6.5,0.0,0.0,0.0
174,466,1003,1004,470,FC->FC,559.5,31365,669,FC->LMD,677.5,0,0,0,0.0,31365,0.02,950.0,1237.0,2,277.3,1938.78,1182.18,3.5,7.0,LTL,3.5,0.0,0.0,0.0
177,467,1003,31392,538,FC->LMD,570.4,0,0,0,0.0,0,0,0,0.0,31392,0.0,661.0,570.4,1,570.4,2542.31,1331.05,1.5,6.0,LTL,4.5,0.0,0.0,0.0
177,468,1003,31392,538,FC->LMD,570.4,0,0,0,0.0,0,0,0,0.0,31392,0.0,661.0,570.4,1,570.4,2542.31,1331.05,1.0,6.0,TL,5.0,0.0,0.0,0.0
177,469,1003,1004,470,FC->FC,559.5,31392,696,FC->LMD,59.9,0,0,0,0.0,31392,0.02,661.0,619.4,2,570.4,2542.31,1331.05,2.0,6.0,LTL,4.0,0.0,0.0,0.0
179,470,1003,31399,545,FC->LMD,815.7,0,0,0,0.0,0,0,0,0.0,31399,0.0,70.0,815.7,1,815.7,388.89,279.78,2.5,6.0,LTL,3.5,0.0,0.0,0.0
179,471,1003,31399,545,FC->LMD,815.7,0,0,0,0.0,0,0,0,0.0,31399,0.0,70.0,815.7,1,815.7,388.89,279.78,1.5,6.0,TL,4.5,0.0,0.0,0.0
179,472,1003,1004,470,FC->FC,559.5,31399,703,FC->LMD,269.9,0,0,0,0.0,31399,0.02,70.0,829.4,2,815.7,388.89,279.78,2.5,6.0,LTL,3.5,0.0,0.0,0.0
181,473,1003,31430,576,FC->LMD,359.7,0,0,0,0.0,0,0,0,0.0,31430,0.0,151.0,359.7,1,359.7,686.36,387.77,1.5,5.0,LTL,3.5,0.0,0.0,0.0
181,474,1003,31430,576,FC->LMD,359.7,0,0,0,0.0,0,0,0,0.0,31430,0.0,151.0,359.7,1,359.7,686.36,387.77,0.7,5.0,TL,4.3,0.0,0.0,0.0
181,475,1003,1004,470,FC->FC,559.5,31430,734,FC->LMD,204.0,0,0,0,0.0,31430,0.02,151.0,763.5,2,359.7,686.36,387.77,2.0,5.0,LTL,3.0,0.0,0.0,0.0
183,476,1003,31436,582,FC->LMD,597.7,0,0,0,0.0,0,0,0,0.0,31436,0.0,469.0,597.7,1,597.7,2131.82,1719.21,1.5,5.0,LTL,3.5,0.0,0.0,0.0
183,477,1003,31436,582,FC->LMD,597.7,0,0,0,0.0,0,0,0,0.0,31436,0.0,469.0,597.7,1,597.7,2131.82,1719.21,1.1,5.0,TL,3.9,0.0,0.0,0.0
183,478,1003,1004,470,FC->FC,559.5,31436,740,FC->LMD,339.7,0,0,0,0.0,31436,0.02,469.0,899.2,2,597.7,2131.82,1719.21,2.5,5.0,LTL,2.5,0.0,0.0,0.0
185,479,1003,31446,592,FC->LMD,945.8,0,0,0,0.0,0,0,0,0.0,31446,0.0,558.0,945.8,1,945.8,858.46,399.28,2.5,5.0,LTL,2.5,0.0,0.0,0.0
185,480,1003,31446,592,FC->LMD,945.8,0,0,0,0.0,0,0,0,0.0,31446,0.0,558.0,945.8,1,945.8,858.46,399.28,1.7,5.0,TL,3.3,0.0,0.0,0.0
185,481,1003,1004,470,FC->FC,559.5,31446,750,FC->LMD,393.1,0,0,0,0.0,31446,0.02,558.0,952.6,2,945.8,858.46,399.28,2.5,5.0,LTL,2.5,0.0,0.0,0.0
187,482,1003,31449,595,FC->LMD,333.7,0,0,0,0.0,0,0,0,0.0,31449,0.0,105.0,333.7,1,333.7,403.85,199.93,1.5,6.0,LTL,4.5,0.0,0.0,0.0
187,483,1003,31449,595,FC->LMD,333.7,0,0,0,0.0,0,0,0,0.0,31449,0.0,105.0,333.7,1,333.7,403.85,199.93,0.6,6.0,TL,5.4,0.0,0.0,0.0
187,484,1003,1004,470,FC->FC,559.5,31449,753,FC->LMD,322.8,0,0,0,0.0,31449,0.02,105.0,882.3,2,333.7,403.85,199.93,2.5,6.0,LTL,3.5,0.0,0.0,0.0
166,485,1004,31334,638,FC->LMD,233.3,0,0,0,0.0,0,0,0,0.0,31334,0.0,5728.0,233.3,1,233.3,13970.73,6528.38,1.5,7.0,LTL,5.5,0.0,0.0,0.0
166,486,1004,31334,638,FC->LMD,233.3,0,0,0,0.0,0,0,0,0.0,31334,0.0,5728.0,233.3,1,233.3,13970.73,6528.38,0.4,7.0,TL,6.6,0.0,0.0,0.0
166,487,1004,1003,627,FC->FC,559.5,31334,480,FC->LMD,776.8,0,0,0,0.0,31334,0.02,5728.0,1336.3,2,233.3,13970.73,6528.38,3.5,7.0,LTL,3.5,0.0,0.0,0.0
169,488,1004,31337,641,FC->LMD,665.8,0,0,0,0.0,0,0,0,0.0,31337,0.0,78.0,665.8,1,665.8,268.97,122.82,2.5,6.0,LTL,3.5,0.0,0.0,0.0
169,489,1004,31337,641,FC->LMD,665.8,0,0,0,0.0,0,0,0,0.0,31337,0.0,78.0,665.8,1,665.8,268.97,122.82,1.2,6.0,TL,4.8,0.0,0.0,0.0
169,490,1004,1003,627,FC->FC,559.5,31337,483,FC->LMD,148.8,0,0,0,0.0,31337,0.02,78.0,708.3,2,665.8,268.97,122.82,2.0,6.0,LTL,4.0,0.0,0.0,0.0
170,491,1004,31346,650,FC->LMD,135.9,0,0,0,0.0,0,0,0,0.0,31346,0.0,6330.0,135.9,1,135.9,21100.0,10242.72,1.0,6.0,LTL,5.0,0.0,0.0,0.0
170,492,1004,31346,650,FC->LMD,135.9,0,0,0,0.0,0,0,0,0.0,31346,0.0,6330.0,135.9,1,135.9,21100.0,10242.72,0.2,6.0,TL,5.8,0.0,0.0,0.0
170,493,1004,1003,627,FC->FC,559.5,31346,492,FC->LMD,538.2,0,0,0,0.0,31346,0.02,6330.0,1097.7,2,135.9,21100.0,10242.72,2.5,6.0,LTL,3.5,0.0,0.0,0.0
173,494,1004,31349,653,FC->LMD,549.5,0,0,0,0.0,0,0,0,0.0,31349,0.0,703.0,549.5,1,549.5,2130.3,1291.09,1.5,6.0,LTL,4.5,0.0,0.0,0.0
173,495,1004,31349,653,FC->LMD,549.5,0,0,0,0.0,0,0,0,0.0,31349,0.0,703.0,549.5,1,549.5,2130.3,1291.09,1.0,6.0,TL,5.0,0.0,0.0,0.0
173,496,1004,1003,627,FC->FC,559.5,31349,495,FC->LMD,13.9,0,0,0,0.0,31349,0.02,703.0,573.4,2,549.5,2130.3,1291.09,2.0,6.0,LTL,4.0,0.0,0.0,0.0
175,497,1004,31365,669,FC->LMD,677.5,0,0,0,0.0,0,0,0,0.0,31365,0.0,106.0,677.5,1,677.5,185.96,99.44,2.5,7.0,LTL,4.5,0.0,0.0,0.0
175,498,1004,31365,669,FC->LMD,677.5,0,0,0,0.0,0,0,0,0.0,31365,0.0,106.0,677.5,1,677.5,185.96,99.44,1.2,7.0,TL,5.8,0.0,0.0,0.0
175,499,1004,1003,627,FC->FC,559.5,31365,511,FC->LMD,277.3,0,0,0,0.0,31365,0.02,106.0,836.8,2,677.5,185.96,99.44,2.5,7.0,LTL,4.5,0.0,0.0,0.0
176,500,1004,31392,696,FC->LMD,59.9,0,0,0,0.0,0,0,0,0.0,31392,0.0,5949.0,59.9,1,59.9,10256.9,5827.78,1.0,6.0,LTL,5.0,0.0,0.0,0.0
176,501,1004,31392,696,FC->LMD,59.9,0,0,0,0.0,0,0,0,0.0,31392,0.0,5949.0,59.9,1,59.9,10256.9,5827.78,0.1,6.0,TL,5.9,0.0,0.0,0.0
176,502,1004,1003,627,FC->FC,559.5,31392,538,FC->LMD,570.4,0,0,0,0.0,31392,0.02,5949.0,1129.9,2,59.9,10256.9,5827.78,2.5,6.0,LTL,3.5,0.0,0.0,0.0
178,503,1004,31399,703,FC->LMD,269.9,0,0,0,0.0,0,0,0,0.0,31399,0.0,634.0,269.9,1,269.9,598.11,383.4,1.5,7.0,LTL,5.5,0.0,0.0,0.0
178,504,1004,31399,703,FC->LMD,269.9,0,0,0,0.0,0,0,0,0.0,31399,0.0,634.0,269.9,1,269.9,598.11,383.4,0.5,7.0,TL,6.5,0.0,0.0,0.0
178,505,1004,1003,627,FC->FC,559.5,31399,545,FC->LMD,815.7,0,0,0,0.0,31399,0.02,634.0,1375.2,2,269.9,598.11,383.4,3.5,7.0,LTL,3.5,0.0,0.0,0.0
180,506,1004,31430,734,FC->LMD,204.0,0,0,0,0.0,0,0,0,0.0,31430,0.0,1357.0,204.0,1,204.0,955.63,650.09,1.0,6.0,LTL,5.0,0.0,0.0,0.0
180,507,1004,31430,734,FC->LMD,204.0,0,0,0,0.0,0,0,0,0.0,31430,0.0,1357.0,204.0,1,204.0,955.63,650.09,0.4,6.0,TL,5.6,0.0,0.0,0.0
180,508,1004,1003,627,FC->FC,559.5,31430,576,FC->LMD,359.7,0,0,0,0.0,31430,0.02,1357.0,919.2,2,204.0,955.63,650.09,2.5,6.0,LTL,3.5,0.0,0.0,0.0
182,509,1004,31436,740,FC->LMD,339.7,0,0,0,0.0,0,0,0,0.0,31436,0.0,4224.0,339.7,1,339.7,12423.53,7181.23,1.5,5.0,LTL,3.5,0.0,0.0,0.0
182,510,1004,31436,740,FC->LMD,339.7,0,0,0,0.0,0,0,0,0.0,31436,0.0,4224.0,339.7,1,339.7,12423.53,7181.23,0.6,5.0,TL,4.4,0.0,0.0,0.0
182,511,1004,1003,627,FC->FC,559.5,31436,582,FC->LMD,597.7,0,0,0,0.0,31436,0.02,4224.0,1157.2,2,339.7,12423.53,7181.23,2.5,5.0,LTL,2.5,0.0,0.0,0.0
184,512,1004,31446,750,FC->LMD,393.1,0,0,0,0.0,0,0,0,0.0,31446,0.0,5023.0,393.1,1,393.1,14351.43,5606.03,1.5,7.0,LTL,5.5,0.0,0.0,0.0
184,513,1004,31446,750,FC->LMD,393.1,0,0,0,0.0,0,0,0,0.0,31446,0.0,5023.0,393.1,1,393.1,14351.43,5606.03,0.7,7.0,TL,6.3,0.0,0.0,0.0
184,514,1004,1003,627,FC->FC,559.5,31446,592,FC->LMD,945.8,0,0,0,0.0,31446,0.02,5023.0,1505.3,2,393.1,14351.43,5606.03,3.5,7.0,LTL,3.5,0.0,0.0,0.0
186,515,1004,31449,753,FC->LMD,322.8,0,0,0,0.0,0,0,0,0.0,31449,0.0,947.0,322.8,1,322.8,3265.52,2473.88,1.5,6.0,LTL,4.5,0.0,0.0,0.0
186,516,1004,31449,753,FC->LMD,322.8,0,0,0,0.0,0,0,0,0.0,31449,0.0,947.0,322.8,1,322.8,3265.52,2473.88,0.6,6.0,TL,5.4,0.0,0.0,0.0
186,517,1004,1003,627,FC->FC,559.5,31449,595,FC->LMD,333.7,0,0,0,0.0,31449,0.02,947.0,893.2,2,322.8,3265.52,2473.88,2.5,6.0,LTL,3.5,0.0,0.0,0.0
167,518,1003,1004,470,FC->FC,559.5,31334,638,FC->LMD,233.3,0,0,0,0.0,31334,0.02,636.0,792.8,2,776.8,2193.1,1142.24,1.4,6.0,TL,4.6,0.0,0.0,0.0
168,519,1003,1004,470,FC->FC,559.5,31337,641,FC->LMD,665.8,0,0,0,0.0,31337,0.02,702.0,1225.3,2,148.8,2064.71,1053.42,2.2,7.0,TL,4.8,0.0,0.0,0.0
171,520,1003,1004,470,FC->FC,559.5,31346,650,FC->LMD,135.9,0,0,0,0.0,31346,0.02,703.0,695.4,2,538.2,889.87,411.98,1.3,5.0,TL,3.7,0.0,0.0,0.0
172,521,1003,1004,470,FC->FC,559.5,31349,653,FC->LMD,549.5,0,0,0,0.0,31349,0.02,6331.0,1109.0,2,13.9,9044.29,4836.52,2.0,6.0,TL,4.0,0.0,0.0,0.0
174,522,1003,1004,470,FC->FC,559.5,31365,669,FC->LMD,677.5,0,0,0,0.0,31365,0.02,950.0,1237.0,2,277.3,1938.78,1182.18,2.2,7.0,TL,4.8,0.0,0.0,0.0
177,523,1003,1004,470,FC->FC,559.5,31392,696,FC->LMD,59.9,0,0,0,0.0,31392,0.02,661.0,619.4,2,570.4,2542.31,1331.05,1.1,6.0,TL,4.9,0.0,0.0,0.0
179,524,1003,1004,470,FC->FC,559.5,31399,703,FC->LMD,269.9,0,0,0,0.0,31399,0.02,70.0,829.4,2,815.7,388.89,279.78,1.5,6.0,TL,4.5,0.0,0.0,0.0
181,525,1003,1004,470,FC->FC,559.5,31430,734,FC->LMD,204.0,0,0,0,0.0,31430,0.02,151.0,763.5,2,359.7,686.36,387.77,1.4,5.0,TL,3.6,0.0,0.0,0.0
183,526,1003,1004,470,FC->FC,559.5,31436,740,FC->LMD,339.7,0,0,0,0.0,31436,0.02,469.0,899.2,2,597.7,2131.82,1719.21,1.6,5.0,TL,3.4,0.0,0.0,0.0
185,527,1003,1004,470,FC->FC,559.5,31446,750,FC->LMD,393.1,0,0,0,0.0,31446,0.02,558.0,952.6,2,945.8,858.46,399.28,1.7,5.0,TL,3.3,0.0,0.0,0.0
187,528,1003,1004,470,FC->FC,559.5,31449,753,FC->LMD,322.8,0,0,0,0.0,31449,0.02,105.0,882.3,2,333.7,403.85,199.93,1.6,6.0,TL,4.4,0.0,0.0,0.0
166,529,1004,1003,627,FC->FC,559.5,31334,480,FC->LMD,776.8,0,0,0,0.0,31334,0.02,5728.0,1336.3,2,233.3,13970.73,6528.38,2.4,7.0,TL,4.6,0.0,0.0,0.0
169,530,1004,1003,627,FC->FC,559.5,31337,483,FC->LMD,148.8,0,0,0,0.0,31337,0.02,78.0,708.3,2,665.8,268.97,122.82,1.3,6.0,TL,4.7,0.0,0.0,0.0
170,531,1004,1003,627,FC->FC,559.5,31346,492,FC->LMD,538.2,0,0,0,0.0,31346,0.02,6330.0,1097.7,2,135.9,21100.0,10242.72,2.0,6.0,TL,4.0,0.0,0.0,0.0
173,532,1004,1003,627,FC->FC,559.5,31349,495,FC->LMD,13.9,0,0,0,0.0,31349,0.02,703.0,573.4,2,549.5,2130.3,1291.09,1.0,6.0,TL,5.0,0.0,0.0,0.0
175,533,1004,1003,627,FC->FC,559.5,31365,511,FC->LMD,277.3,0,0,0,0.0,31365,0.02,106.0,836.8,2,677.5,185.96,99.44,1.5,7.0,TL,5.5,0.0,0.0,0.0
176,534,1004,1003,627,FC->FC,559.5,31392,538,FC->LMD,570.4,0,0,0,0.0,31392,0.02,5949.0,1129.9,2,59.9,10256.9,5827.78,2.1,6.0,TL,3.9,0.0,0.0,0.0
178,535,1004,1003,627,FC->FC,559.5,31399,545,FC->LMD,815.7,0,0,0,0.0,31399,0.02,634.0,1375.2,2,269.9,598.11,383.4,2.5,7.0,TL,4.5,0.0,0.0,0.0
180,536,1004,1003,627,FC->FC,559.5,31430,576,FC->LMD,359.7,0,0,0,0.0,31430,0.02,1357.0,919.2,2,204.0,955.63,650.09,1.7,6.0,TL,4.3,0.0,0.0,0.0
182,537,1004,1003,627,FC->FC,559.5,31436,582,FC->LMD,597.7,0,0,0,0.0,31436,0.02,4224.0,1157.2,2,339.7,12423.53,7181.23,2.1,5.0,TL,2.9,0.0,0.0,0.0
184,538,1004,1003,627,FC->FC,559.5,31446,592,FC->LMD,945.8,0,0,0,0.0,31446,0.02,5023.0,1505.3,2,393.1,14351.43,5606.03,2.7,7.0,TL,4.3,0.0,0.0,0.0
186,539,1004,1003,627,FC->FC,559.5,31449,595,FC->LMD,333.7,0,0,0,0.0,31449,0.02,947.0,893.2,2,322.8,3265.52,2473.88,1.6,6.0,TL,4.4,0.0,0.0,0.0
